//State,Enode,GenMw,LoadMw,GenNode,LoadNode
0,1,,4.65,,1
0,4,,1.803,,1
0,6,,1.803,,1
0,7,,1.282,,1
0,8,,2.564,,1
0,9,,2.51,,1
0,13,,2.049,,1
0,21,,1.282,,1
0,25,,3.573,,1
0,27,,3.047,,1
0,31,,5.4,,1
0,34,,1.412,,1
0,37,,5.676,,1
0,38,,2.09,,1
0,45,,4.17,,1
0,46,,8.981,,1
0,48,,3.541,,1
0,53,,0.866,,1
0,57,,7.071,,1
0,61,,0.837,,1
0,64,,0.93,,1
0,65,,0.865,,1
0,69,,2.039,,1
0,77,,3.15,,1
0,86,,14.437,,1
0,89,,2.038,,1
0,92,,0.514,,1
0,93,,1.759,,1
0,95,,1.448,,1
0,99,,1.141,,1
0,103,,1.115,,1
0,104,,2.057,,1
0,107,,1.18,,1
0,110,,1.387,,1
0,115,,3.191,,1
0,116,,2.7,,1
0,117,,2.94,,1
0,118,,1.899,,1
0,120,,1.791,,1
0,121,,5.3,,1
0,122,,3.68,,1
0,136,,8.62,,1
0,137,,1.71,,1
0,140,,6.347,,1
0,141,,2.966,,1
0,145,,1.985,,1
0,146,,3.13,,1
0,147,,1.512,,1
0,153,,1.438,,1
0,157,,7.42,,1
0,161,,2.828,,1
0,169,,3.7,,1
0,170,,6.2,,1
0,173,,4.406,,1
0,175,,0.31,,1
0,177,,2.718,,1
0,181,,0.67,,1
0,185,,0.529,,1
0,190,,1.317,,1
0,192,,0.969,,1
0,193,,1.413,,1
0,194,,1.689,,1
0,195,,4.219,,1
0,196,,1.228,,1
0,198,,2.544,,1
0,200,,3.002,,1
0,201,,1.689,,1
0,204,,10.377,,1
0,208,,1.216,,1
0,209,,4.078,,1
0,210,,1.012,,1
0,211,,5.354,,1
0,212,,14.8,,1
0,213,,0.892,,1
0,216,,3.038,,1
0,217,,9.714,,1
0,218,,1.553,,1
0,220,,16.1,,1
0,221,,2.499,,1
0,223,,9.051,,1
0,224,,1.377,,1
0,225,,3.528,,1
0,228,,2.56,,1
0,230,,1.588,,1
0,234,,2.488,,1
0,236,,2.699,,1
0,237,,2.289,,1
0,249,,3.343,,1
0,254,,4.453,,1
0,258,,2.034,,1
0,260,,2.664,,1
0,262,,0.723,,1
0,268,,1.237,,1
0,269,,1.237,,1
0,271,,4.093,,1
0,273,,0.791,,1
0,277,,1.096,,1
0,280,,8.05,,1
0,281,,1.025,,1
0,283,,2.081,,1
0,285,,0.875,,1
0,288,,1.71,,1
0,289,,1.261,,1
0,290,,3.665,,1
0,291,,0.932,,1
0,293,,3.63,,1
0,294,,4.323,,1
0,298,,5.529,,1
0,299,,3.524,,1
0,300,,1.692,,1
0,301,,2.02,,1
0,302,,3.298,,1
0,303,,5.608,,1
0,304,,8.651,,1
0,305,,3.8,,1
0,310,,1.988,,1
0,311,,1.653,,1
0,315,,2.529,,1
0,319,,1.403,,1
0,323,,0.26,,1
0,325,,6.611,,1
0,327,,0.985,,1
0,331,,3.88,,1
0,343,,11.986,,1
0,350,,2.14,,1
0,352,,3.824,,1
0,363,,0.379,,1
0,370,,6,,1
0,373,,8.328,,1
0,377,,6.989,,1
0,380,,6.859,,1
0,384,,2.56,,1
0,385,,16.345,,1
0,387,,4.52,,1
0,391,,7.177,,1
0,395,,17.5,,1
0,398,,7.496,,1
0,399,,3.65,,1
0,404,,8.851,,1
0,405,,5.001,,1
0,412,,14.57,,1
0,415,,5.047,,1
0,419,,6.636,,1
0,420,,5.134,,1
0,428,,2.193,,1
0,429,,3.732,,1
0,430,,5.26,,1
0,432,,2.976,,1
0,433,,14.2,,1
0,435,,3.198,,1
0,440,,4.39,,1
0,441,,8.768,,1
0,442,,27.012,,1
0,444,,3.804,,1
0,445,,5.102,,1
0,447,,2.968,,1
0,455,,3.518,,1
0,470,,4.24,,1
0,471,,21.814,,1
0,473,,4.087,,1
0,475,,5,,1
0,480,,13.838,,1
0,484,,4.356,,1
0,485,,5.998,,1
0,487,,4.839,,1
0,491,,1.775,,1
0,494,,5.504,,1
0,495,,6.152,,1
0,499,,12.612,,1
0,505,,8.606,,1
0,512,,10.224,,1
0,514,,9,,1
0,515,,4.589,,1
0,516,,4.839,,1
0,518,,1.492,,1
0,519,,2.422,,1
0,522,,10,,1
0,526,,7.677,,1
0,527,,5.998,,1
0,530,,5.306,,1
0,531,,5.345,,1
0,532,,5.636,,1
0,537,,2.77,,1
0,545,,3.258,,1
0,548,,1.976,,1
0,555,,27.012,,1
0,556,,29.017,,1
0,559,,32.783,,1
0,564,,14.899,,1
0,565,,25.247,,1
0,566,,27.021,,1
0,568,,0.02,,1
0,572,,1.988,,1
0,573,,4.682,,1
0,578,,7.97,,1
0,583,,4.207,,1
0,584,,2.696,,1
0,585,,20.105,,1
0,587,,2.405,,1
0,588,,0.15,,1
0,590,,10.014,,1
0,595,,1.689,,1
0,596,,3.706,,1
0,598,,18.7,,1
0,600,,2.556,,1
0,601,,9.259,,1
0,602,,84,,1
0,608,,6.783,,1
0,610,,3.376,,1
0,616,,1.386,,1
0,618,,0.725,,1
0,620,,6.66,,1
0,625,,13.494,,1
0,626,,6.747,,1
0,628,,33.472,,1
0,629,,38,,1
0,631,,0.492,,1
0,635,,0.84,,1
0,636,,1.539,,1
0,640,,18.686,,1
0,649,,64.24,,1
0,651,,82.743,,1
0,652,,17.253,,1
0,653,,31.869,,1
0,655,,32.259,,1
0,656,,11.457,,1
0,658,,21.938,,1
0,659,,117.966,,1
0,660,,4.176,,1
0,661,,11.999,,1
0,663,,43.545,,1
0,664,,18.919,,1
0,668,,58.512,,1
0,670,,14.899,,1
0,672,,7.231,,1
0,675,,128.02,,1
0,679,,28.07,,1
0,680,,8.926,,1
0,681,,35.087,,1
0,685,,8.651,,1
0,686,,8.651,,1
0,691,,2.955,,1
0,695,,4.476,,1
0,698,,3.09,,1
0,704,,3.101,,1
0,706,,4.345,,1
0,707,,0.64,,1
0,708,,1.821,,1
0,718,,5.528,,1
0,726,,2.764,,1
0,727,,2.363,,1
0,733,,0.817,,1
0,734,,0.252,,1
0,735,,3.504,,1
0,736,,1.429,,1
0,737,,0.644,,1
0,740,,2.8,,1
0,741,,30,,1
0,742,,5.102,,1
0,743,,64.619,,1
0,744,,1.698,,1
0,745,,4.936,,1
0,747,,1.048,,1
0,748,,0.883,,1
0,751,,1.709,,1
0,752,,0.438,,1
0,753,,1.004,,1
0,754,,2.722,,1
0,755,,1.416,,1
0,756,,1.715,,1
0,758,,2.27,,1
0,763,,0.187,,1
0,764,,0.739,,1
0,765,,0.759,,1
0,766,,3.397,,1
0,768,,2.367,,1
0,770,,0.558,,1
0,771,,0.99,,1
0,772,,2.051,,1
0,773,,3.139,,1
0,774,,3.047,,1
0,775,,2.189,,1
0,776,,0.363,,1
0,779,,3.018,,1
0,780,,0.256,,1
0,783,,0.235,,1
0,784,,0.313,,1
0,788,,7.072,,1
0,791,,2.971,,1
0,792,,2.056,,1
0,796,,1.272,,1
0,802,,27,,1
0,804,,6.223,,1
0,805,,19,,1
0,806,,29.099,,1
0,807,,6.923,,1
0,808,,10.247,,1
0,809,,10.281,,1
0,810,,18.244,,1
0,813,,30,,1
0,814,,1.834,,1
0,816,,4,,1
0,817,,7.426,,1
0,818,,2.449,,1
0,819,,6.191,,1
0,820,,8.973,,1
0,821,,19.473,,1
0,823,,15.634,,1
0,824,,18,,1
0,825,,7.472,,1
0,826,,6.539,,1
0,827,,7.869,,1
0,828,,29.079,,1
0,829,,17.191,,1
0,830,,30,,1
0,831,,11.947,,1
0,834,,17.036,,1
0,836,,4.746,,1
0,848,,17.853,,1
0,850,,10.569,,1
0,900,,50,,1
0,901,,1.5,,1
0,905,,10,,1
0,906,,14,,1
0,907,,28,,1
0,910,,21.328,,1
0,913,,31.875,,1
0,914,,30.509,,1
0,915,,17.069,,1
0,916,,43.35,,1
0,917,,21,,1
0,918,,16.474,,1
0,919,,56,,1
0,921,,12.84,,1
0,923,,24,,1
0,924,,10.5,,1
0,928,,20,,1
0,930,,29,,1
0,937,,18.442,,1
0,938,,4.25,,1
0,939,,10.498,,1
0,940,,4.249,,1
0,945,,3.787,,1
0,946,,9.282,,1
0,947,,4.252,,1
0,952,,17.811,,1
0,961,,19.7,,1
0,964,,22.141,,1
0,968,,4.805,,1
0,971,,5.402,,1
0,985,,10.611,,1
0,1019,,38.8,,1
0,1023,,50.043,,1
0,1032,,3,,1
0,1052,,16.338,,1
0,1053,,2.046,,1
0,1054,,12.955,,1
0,1059,,31.8,,1
0,1064,,60.94,,1
0,1074,,3.695,,1
0,1077,,20,,1
0,1079,,20,,1
0,1080,,12.65,,1
0,1081,,27.9,,1
0,1083,,24,,1
0,1085,,26,,1
0,1086,,25.4,,1
0,1088,,4.944,,1
0,1090,,0.893,,1
0,1091,,0.376,,1
0,1092,,0.03,,1
0,1093,,28.405,,1
0,1094,,32.552,,1
0,1096,,2.407,,1
0,1100,,8.504,,1
0,1101,,10.671,,1
0,1102,,18.619,,1
0,1104,,5.689,,1
0,1106,,12.416,,1
0,1108,,4.133,,1
0,1113,,22.27,,1
0,1115,,2.206,,1
0,1116,,32.924,,1
0,1117,,42.595,,1
0,1119,,3.274,,1
0,1120,,19.52,,1
0,1121,,33.427,,1
0,1122,,63.281,,1
0,1126,,34.42,,1
0,1128,,1.639,,1
0,1129,,19.912,,1
0,1130,,6.379,,1
0,1132,,13.725,,1
0,1134,,2,,1
0,1135,,7,,1
0,1138,,30.87,,1
0,1144,,15.338,,1
0,1145,,2.67,,1
0,1146,,7.189,,1
0,1148,,32.202,,1
0,1149,,8.782,,1
0,1151,,2.569,,1
0,1152,,2.454,,1
0,1153,,84,,1
0,1156,,8.4,,1
0,1159,,23.594,,1
0,1161,,4.23,,1
0,1163,,1.776,,1
0,1164,,11.749,,1
0,1166,,15.563,,1
0,1167,,8.926,,1
0,1169,,27.907,,1
0,1175,,57.9,,1
0,1176,,22.472,,1
0,1177,,6.399,,1
0,1178,,29.07,,1
0,1180,,14.821,,1
0,1182,,13.834,,1
0,1184,,25.792,,1
0,1198,,12.22,,1
0,1201,,7.433,,1
0,1205,,0.61,,1
0,1207,,0.653,,1
0,1209,,22,,1
0,1212,,3.766,,1
0,1214,,10.5,,1
0,1215,,1.274,,1
0,1216,,1.984,,1
0,1217,,16.296,,1
0,1218,,0.305,,1
0,1221,,2.895,,1
0,1223,,8.776,,1
0,1225,,8.5,,1
0,1226,,23.75,,1
0,1227,,0.877,,1
0,1228,,2.864,,1
0,1229,,4.765,,1
0,1232,,3.963,,1
0,1235,,5.26,,1
0,1237,,46.2,,1
0,1239,,6.249,,1
0,1241,,0.345,,1
0,1242,,0.374,,1
0,1243,,7.2,,1
0,1246,,0.115,,1
0,1249,,3.026,,1
0,1251,,7.189,,1
0,1252,,8.984,,1
0,1253,,15,,1
0,1255,,1,,1
0,1258,,10,,1
0,1259,,11.742,,1
0,1263,,5.433,,1
0,1265,,1.29,,1
0,1268,,11.344,,1
0,1269,,12,,1
0,1270,,2.694,,1
0,1273,,0.33,,1
0,1274,,2.383,,1
0,1275,,7.862,,1
0,1280,,18.24,,1
0,1282,,8.21,,1
0,1283,,10.395,,1
0,1284,,5,,1
0,1285,,4.997,,1
0,1292,,19.403,,1
0,1294,,2.898,,1
0,1296,,0.447,,1
0,1300,,20.077,,1
0,1304,,34,,1
0,1307,,0.181,,1
0,1308,,0.194,,1
0,1310,,22.843,,1
0,1311,,16.905,,1
0,1312,,8.32,,1
0,1314,,53.41,,1
0,1316,,34.904,,1
0,1318,,17,,1
0,1322,,3.666,,1
0,1323,,5.399,,1
0,1324,,14.192,,1
0,1325,,26.377,,1
0,1332,,26.815,,1
0,1334,,8.6,,1
0,1336,,15.52,,1
0,1338,,1.41,,1
0,1340,,0.58,,1
0,1342,,11.38,,1
0,1345,,3.398,,1
0,1347,,6.86,,1
0,1348,,14.69,,1
0,1351,,0.772,,1
0,1352,,11.506,,1
0,1358,,0.172,,1
0,1361,,0.174,,1
0,1362,,1.244,,1
0,1363,,0.86,,1
0,1364,,0.83,,1
0,1365,,0.253,,1
0,1367,,0.013,,1
0,1368,,2.382,,1
0,1369,,4.263,,1
0,1370,,1.021,,1
0,1373,,1.126,,1
0,1374,,0.935,,1
0,1375,,1.072,,1
0,1378,,5.368,,1
0,1379,,0.421,,1
0,1380,,1.521,,1
0,1381,,2.907,,1
0,1383,,0.735,,1
0,1384,,0.782,,1
0,1385,,0.754,,1
0,1390,,10.535,,1
0,1391,,2.346,,1
0,1392,,1.829,,1
0,1395,,3.256,,1
0,1400,,10,,1
0,1402,,6.155,,1
0,1406,,4.5,,1
0,1407,,2.58,,1
0,1427,,5.255,,1
0,1431,,2,,1
0,1448,,22.18,,1
0,1467,,1.383,,1
0,1468,,0.744,,1
0,1476,,0.848,,1
0,1480,,7.451,,1
0,1483,,18.763,,1
0,1484,,24,,1
0,1485,,1.39,,1
0,1486,,6.037,,1
0,1489,,11.33,,1
0,1492,,10.119,,1
0,1493,,31.35,,1
0,1494,,1.462,,1
0,1499,,11.073,,1
0,1500,,7.937,,1
0,1511,,2.84,,1
0,1512,,3.03,,1
0,1514,,5.578,,1
0,1517,,7.52,,1
0,1518,,4.869,,1
0,1519,,2.562,,1
0,1521,,12.829,,1
0,1525,,2.649,,1
0,1527,,5.442,,1
0,1528,,1.083,,1
0,1531,,1.496,,1
0,1532,,0.77,,1
0,1533,,0.203,,1
0,1537,,9.764,,1
0,1538,,5.823,,1
0,1541,,1.961,,1
0,1542,,0.21,,1
0,1543,,0.227,,1
0,1544,,3.399,,1
0,1546,,0.405,,1
0,1547,,0.567,,1
0,1549,,0.943,,1
0,1550,,0.01,,1
0,1553,,0.41,,1
0,1554,,0.016,,1
0,1556,,8.811,,1
0,1558,,0.13,,1
0,1561,,0.514,,1
0,1563,,1.157,,1
0,1564,,4.48,,1
0,1565,,7.744,,1
0,1566,,9.798,,1
0,1570,,7.828,,1
0,1572,,0.201,,1
0,1575,,8.432,,1
0,1577,,9.916,,1
0,1579,,10.727,,1
0,1580,,8.409,,1
0,1581,,0.275,,1
0,1583,,2.378,,1
0,1584,,10.235,,1
0,1586,,5.596,,1
0,1587,,1.932,,1
0,1591,,13.714,,1
0,1595,,1.973,,1
0,1598,,2.873,,1
0,1601,,5.636,,1
0,1602,,8.401,,1
0,1604,,0.85,,1
0,1606,,69,,1
0,1607,,0.696,,1
0,1608,,13.222,,1
0,1612,,7.194,,1
0,1614,,31.917,,1
0,1615,,8.251,,1
0,1617,,1.256,,1
0,1618,,1.739,,1
0,1619,,4.356,,1
0,1621,,6.427,,1
0,1623,,1.6,,1
0,1627,,0.034,,1
0,1628,,2.811,,1
0,1630,,2.913,,1
0,1632,,0.078,,1
0,1633,,2.941,,1
0,1635,,0.088,,1
0,1636,,3.43,,1
0,1641,,10.318,,1
0,1646,,0.897,,1
0,1651,,4.421,,1
0,1656,,38.944,,1
0,1661,,17.173,,1
0,1665,,0.604,,1
0,1666,,0.952,,1
0,1670,,2.459,,1
0,1671,,1.951,,1
0,1698,,4.32,,1
0,1704,,7.207,,1
0,1707,,8.943,,1
0,1708,,20.105,,1
0,1710,,7.633,,1
0,1712,,4.644,,1
0,1714,,4.022,,1
0,1715,,0.041,,1
0,1717,,18.888,,1
0,1724,,4.342,,1
0,1725,,0.799,,1
0,1732,,46.855,,1
0,1735,,12.228,,1
0,1736,,5.545,,1
0,1737,,9.105,,1
0,1741,,6.09,,1
0,1743,,12.753,,1
0,1745,,16.596,,1
0,1746,,10.806,,1
0,1749,,4.022,,1
0,1750,,28.421,,1
0,1754,,11.076,,1
0,1758,,12.422,,1
0,1762,,2.245,,1
0,1765,,0.456,,1
0,1766,,4.11,,1
0,1773,,8.181,,1
0,1774,,34.639,,1
0,1776,,5.361,,1
0,1777,,22.556,,1
0,1785,,0.985,,1
0,1788,,0.612,,1
0,1789,,5.67,,1
0,1791,,6.709,,1
0,1795,,2.617,,1
0,1798,,10.051,,1
0,1800,,16.965,,1
0,1802,,7.107,,1
0,1808,,10.748,,1
0,1809,,3.92,,1
0,1812,,2.4,,1
0,1813,,0.32,,1
0,1814,,23.269,,1
0,1819,,22.148,,1
0,1820,,12.597,,1
0,1823,,4.224,,1
0,1824,,3.517,,1
0,1826,,2.112,,1
0,1828,,1.135,,1
0,1837,,38.8,,1
0,1838,,19.4,,1
0,1852,,13.725,,1
0,1854,,26.396,,1
0,1855,,27.667,,1
0,1866,,14.428,,1
0,1881,,26.5,,1
0,1891,,1.2,,1
0,1900,,97,,1
0,1904,,63.689,,1
0,1911,,36.607,,1
0,1913,,14.513,,1
0,1914,,35.461,,1
0,1919,,8.822,,1
0,1920,,6.996,,1
0,1922,,20.926,,1
0,1924,,7.815,,1
0,1929,,61.47,,1
0,1930,,53.083,,1
0,1931,,72.468,,1
0,1932,,43.495,,1
0,1935,,102.718,,1
0,1951,,47.012,,1
0,1953,,27,,1
0,1955,,40.426,,1
0,1965,,33.634,,1
0,1967,,41.629,,1
0,1983,,33,,1
0,1985,,46.457,,1
0,1987,,50.312,,1
0,1988,,1.607,,1
0,1994,,6.667,,1
0,1996,,0.264,,1
0,1997,,0.482,,1
0,2001,,53.931,,1
0,2004,,16.002,,1
0,2006,,56.086,,1
0,2009,,25.756,,1
0,2011,,9.271,,1
0,2015,,31.502,,1
0,2016,,47.81,,1
0,2017,,57.666,,1
0,2018,,35.059,,1
0,2019,,18.702,,1
0,2020,,8.894,,1
0,2021,,85.008,,1
0,2022,,51.496,,1
0,2023,,12.814,,1
0,2024,,31.109,,1
0,2027,,25.506,,1
0,2035,,29.402,,1
0,2037,,18.525,,1
0,2039,,4.54,,1
0,2041,,42.308,,1
0,2042,,19.174,,1
0,2045,,28.181,,1
0,2046,,13.17,,1
0,2049,,53.2,,1
0,2050,,9.845,,1
0,2054,,22.966,,1
0,2055,,30.454,,1
0,2062,,22.237,,1
0,2068,,8.088,,1
0,2069,,18.239,,1
0,2070,,34.399,,1
0,2071,,26.25,,1
0,2076,,14.977,,1
0,2077,,86.738,,1
0,2086,,13.616,,1
0,2087,,22.841,,1
0,2088,,14.907,,1
0,2091,,11.956,,1
0,2092,,13.179,,1
0,2093,,7.536,,1
0,2094,,35.71,,1
0,2098,,32.883,,1
0,2099,,40.725,,1
0,2100,,18.018,,1
0,2101,,19.91,,1
0,2105,,8.786,,1
0,2106,,8.437,,1
0,2111,,12.599,,1
0,2112,,15.548,,1
0,2113,,22.467,,1
0,2115,,11.198,,1
0,2121,,26.721,,1
0,2124,,21.703,,1
0,2125,,32.568,,1
0,2128,,28.513,,1
0,2135,,9.221,,1
0,2136,,26.012,,1
0,2141,,23,,1
0,2142,,20,,1
0,2147,,9.247,,1
0,2150,,63.096,,1
0,2151,,25.921,,1
0,2152,,7.099,,1
0,2157,,15.575,,1
0,2158,,17.989,,1
0,2160,,33.17,,1
0,2161,,0.465,,1
0,2164,,59.005,,1
0,2167,,8.515,,1
0,2172,,19.95,,1
0,2173,,23.192,,1
0,2174,,25.379,,1
0,2175,,28.3,,1
0,2176,,10.539,,1
0,2177,,14.871,,1
0,2178,,10.388,,1
0,2179,,8.764,,1
0,2180,,4.927,,1
0,2182,,11.542,,1
0,2183,,14.955,,1
0,2186,,13.659,,1
0,2187,,23.555,,1
0,2188,,10.751,,1
0,2189,,18.927,,1
0,2190,,22.369,,1
0,2191,,12.027,,1
0,2192,,18.26,,1
0,2193,,10.963,,1
0,2196,,24.184,,1
0,2208,,41.237,,1
0,2209,,43.413,,1
0,2210,,4.894,,1
0,2214,,1.907,,1
0,2215,,2.8,,1
0,2216,,2.154,,1
0,2222,,26.588,,1
0,2223,,11.354,,1
0,2227,,12.445,,1
0,2233,,18.168,,1
0,2234,,12.818,,1
0,2239,,29.091,,1
0,2240,,8.963,,1
0,2243,,20,,1
0,2244,,46.5,,1
0,2245,,3.403,,1
0,2246,,4.825,,1
0,2247,,9.012,,1
0,2248,,11.062,,1
0,2251,,31.226,,1
0,2252,,24.533,,1
0,2257,,15.388,,1
0,2259,,6.224,,1
0,2260,,34.614,,1
0,2262,,26.416,,1
0,2265,,2.795,,1
0,2270,,34.842,,1
0,2274,,33.816,,1
0,2276,,17.117,,1
0,2277,,4.85,,1
0,2278,,7.842,,1
0,2280,,32.672,,1
0,2281,,1.588,,1
0,2283,,5.15,,1
0,2290,,19.235,,1
0,2291,,5.199,,1
0,2294,,8.042,,1
0,2296,,20,,1
0,2297,,7.086,,1
0,2301,,38.76,,1
0,2302,,47.54,,1
0,2306,,13.969,,1
0,2307,,38.799,,1
0,2308,,8.868,,1
0,2309,,0.9,,1
0,2312,,19.5,,1
0,2313,,11.563,,1
0,2314,,35.497,,1
0,2315,,10.268,,1
0,2317,,29.114,,1
0,2319,,0.52,,1
0,2320,,28.867,,1
0,2321,,21.392,,1
0,2323,,0.94,,1
0,2324,,17.774,,1
0,2325,,22.508,,1
0,2326,,19.005,,1
0,2328,,20.651,,1
0,2330,,6.59,,1
0,2336,,3.108,,1
0,2337,,1.504,,1
0,2339,,0.107,,1
0,2342,,14.035,,1
0,2343,,18.803,,1
0,2344,,2.269,,1
0,2347,,4.078,,1
0,2350,,8.9,,1
0,2351,,0.77,,1
0,2352,,9.45,,1
0,2353,,24.19,,1
0,2368,,6.26,,1
0,2369,,16.98,,1
0,2378,,41.945,,1
0,2380,,67.89,,1
0,2388,,158.349,,1
0,2390,,28.797,,1
0,2393,,31.563,,1
0,2394,,17.789,,1
0,2395,,44.459,,1
0,2402,,1.8,,1
0,2408,,26.959,,1
0,2411,,16,,1
0,2416,,12,,1
0,2425,,20.323,,1
0,2438,,39.556,,1
0,2462,,18.197,,1
0,2477,,46,,1
0,2486,,17.942,,1
0,2489,,12.083,,1
0,2490,,7.383,,1
0,2510,,20.833,,1
0,2516,,66.371,,1
0,2518,,12.498,,1
0,2521,,25.176,,1
0,2523,,121.99,,1
0,2524,,26.086,,1
0,2525,,19.17,,1
0,2526,,24.871,,1
0,2529,,14.775,,1
0,2530,,29.783,,1
0,2531,,72.161,,1
0,2532,,13.531,,1
0,2533,,16.286,,1
0,2535,,5.82,,1
0,2536,,15.792,,1
0,2537,,73.348,,1
0,2540,,11.927,,1
0,2541,,7.199,,1
0,2543,,1.868,,1
0,2546,,40.937,,1
0,2547,,17.145,,1
0,2548,,57.935,,1
0,2549,,55.415,,1
0,2550,,27.459,,1
0,2551,,15.279,,1
0,2552,,23.012,,1
0,2553,,17.158,,1
0,2555,,23.674,,1
0,2557,,73,,1
0,2558,,25.421,,1
0,2559,,29.238,,1
0,2562,,49.504,,1
0,2564,,33.965,,1
0,2565,,48.331,,1
0,2568,,36.061,,1
0,2570,,19.1,,1
0,2571,,15.051,,1
0,2580,,0.679,,1
0,2581,,0.731,,1
0,2582,,84.414,,1
0,2583,,39.177,,1
0,2588,,0.271,,1
0,2589,,0.324,,1
0,2591,,0.989,,1
0,2596,,38.082,,1
0,2597,,37.847,,1
0,2598,,40,,1
0,2606,,2.384,,1
0,2608,,6.115,,1
0,2610,,5.925,,1
0,2613,,10.009,,1
0,2614,,24.147,,1
0,2615,,9.215,,1
0,2616,,20.627,,1
0,2617,,12.314,,1
0,2618,,10.498,,1
0,2623,,11.53,,1
0,2624,,9.602,,1
0,2627,,13.524,,1
0,2628,,7.698,,1
0,2633,,42.445,,1
0,2634,,44.466,,1
0,2636,,22.865,,1
0,2637,,10.762,,1
0,2638,,14.139,,1
0,2639,,10.889,,1
0,2642,,10.183,,1
0,2647,,18.556,,1
0,2648,,14.809,,1
0,2653,,34.122,,1
0,2654,,10.267,,1
0,2658,,26.915,,1
0,2660,,10.129,,1
0,2661,,12.597,,1
0,2662,,13.216,,1
0,2663,,27.666,,1
0,2669,,3.32,,1
0,2670,,9,,1
0,2671,,4.942,,1
0,2672,,1.189,,1
0,2673,,81.56,,1
0,2674,,23.439,,1
0,2675,,0.597,,1
0,2676,,0.005,,1
0,2677,,31.963,,1
0,2678,,30.777,,1
0,2683,,24.499,,1
0,2684,,16.069,,1
0,2686,,57.492,,1
0,2687,,34.904,,1
0,2689,,45.158,,1
0,2690,,43.011,,1
0,2691,,32.395,,1
0,2692,,6.56,,1
0,2694,,74.878,,1
0,2695,,8.107,,1
0,2696,,73.72,,1
0,2698,,32.185,,1
0,2699,,12.435,,1
0,2700,,3.381,,1
0,2701,,12.985,,1
0,2702,,22.586,,1
0,2704,,25,,1
0,2705,,12.236,,1
0,2709,,13.7,,1
0,2710,,33.708,,1
0,2711,,21.654,,1
0,2720,,1.232,,1
0,2721,,8.021,,1
0,2724,,8.186,,1
0,2726,,6.571,,1
0,2727,,5.29,,1
0,2728,,4.221,,1
0,2730,,1.969,,1
0,2731,,13.895,,1
0,2735,,53.095,,1
0,2740,,12.837,,1
0,2745,,4.342,,1
0,2746,,6.875,,1
0,2748,,0.452,,1
0,2750,,8.557,,1
0,2751,,7.413,,1
0,2752,,20.454,,1
0,2754,,29.263,,1
0,2757,,12.6,,1
0,2758,,12.6,,1
0,2759,,16.805,,1
0,2762,,7.81,,1
0,2763,,13.277,,1
0,2764,,46,,1
0,2765,,48.635,,1
0,2766,,31.016,,1
0,2770,,4.182,,1
0,2772,,1.8,,1
0,2775,,23.813,,1
0,2777,,17.644,,1
0,2779,,24.971,,1
0,2780,,9.94,,1
0,2781,,12.24,,1
0,2784,,17.987,,1
0,2785,,7.105,,1
0,2788,,10.883,,1
0,2789,,25.26,,1
0,2792,,14.636,,1
0,2793,,9.92,,1
0,2798,,9.815,,1
0,2799,,10.579,,1
0,2800,,8.221,,1
0,2801,,13.259,,1
0,2804,,6.387,,1
0,2808,,26.1,,1
0,2809,,26.52,,1
0,2810,,22.723,,1
0,2811,,11.823,,1
0,2812,,21.803,,1
0,2813,,12.016,,1
0,2814,,6.042,,1
0,2815,,18.551,,1
0,2816,,10.007,,1
0,2817,,13.15,,1
0,2818,,9.384,,1
0,2819,,32.043,,1
0,2820,,29.509,,1
0,2821,,12.87,,1
0,2822,,12.35,,1
0,2823,,11.858,,1
0,2824,,11.687,,1
0,2828,,29.069,,1
0,2829,,28.451,,1
0,2833,,13.326,,1
0,2836,,7.242,,1
0,2838,,13.088,,1
0,2842,,27.02,,1
0,2845,,10.732,,1
0,2846,,13.57,,1
0,2850,,11.372,,1
0,2852,,6.612,,1
0,2857,,19.032,,1
0,2858,,13.893,,1
0,2861,,17.259,,1
0,2862,,33.069,,1
0,2863,,18.806,,1
0,2864,,45.477,,1
0,2865,,35.16,,1
0,2868,,14.112,,1
0,2869,,37.674,,1
0,2874,,14.704,,1
0,2875,,17.994,,1
0,2876,,18.668,,1
0,2882,,17.619,,1
0,2883,,35.488,,1
0,2884,,25.253,,1
0,2885,,17.798,,1
0,2886,,21.015,,1
0,2887,,15.049,,1
0,2890,,26.619,,1
0,2891,,6.1,,1
0,2894,,8.725,,1
0,2895,,15.378,,1
0,2896,,5.937,,1
0,2897,,3.906,,1
0,2899,,14.121,,1
0,2900,,11.905,,1
0,2903,,5.422,,1
0,2904,,2.07,,1
0,2905,,6.731,,1
0,2907,,18.596,,1
0,2908,,5.929,,1
0,2913,,13.552,,1
0,2914,,12.995,,1
0,2915,,8.236,,1
0,2916,,8.926,,1
0,2917,,4.814,,1
0,2918,,5.334,,1
0,2919,,7.817,,1
0,2920,,7.811,,1
0,2921,,15.959,,1
0,2922,,13.022,,1
0,2925,,8.332,,1
0,2926,,12.948,,1
0,2927,,11.755,,1
0,2928,,11.669,,1
0,2930,,11.058,,1
0,2931,,10.269,,1
0,2944,,7.054,,1
0,2945,,1.15,,1
0,2953,,8.371,,1
0,2955,,6.545,,1
0,2956,,9.984,,1
0,2957,,2.853,,1
0,2961,,9.016,,1
0,2963,,6.692,,1
0,2964,,15.562,,1
0,2966,,3.993,,1
0,2967,,7.42,,1
0,2970,,12.634,,1
0,2971,,4.945,,1
0,2972,,11.494,,1
0,2973,,7.19,,1
0,2977,,20.466,,1
0,2981,,11.639,,1
0,2982,,6.273,,1
0,2983,,20.054,,1
0,2984,,11.009,,1
0,2985,,6.481,,1
0,2987,,12.115,,1
0,2988,,9.432,,1
0,2989,,1.696,,1
0,2990,,10.5,,1
0,2992,,14.229,,1
0,2993,,15.591,,1
0,2995,,9.346,,1
0,2999,,11.623,,1
0,3004,,18.296,,1
0,3014,,11.996,,1
0,3015,,19.151,,1
0,3016,,6.796,,1
0,3017,,4.396,,1
0,3020,,14.075,,1
0,3021,,13.006,,1
0,3022,,18.339,,1
0,3023,,9.249,,1
0,3024,,7.987,,1
0,3035,,18.534,,1
0,3042,,7.67,,1
0,3043,,14.444,,1
0,3044,,0.624,,1
0,3048,,5.798,,1
0,3049,,16.45,,1
0,3050,,5.304,,1
0,3051,,1.453,,1
0,3052,,27.091,,1
0,3053,,14.6,,1
0,3054,,18.364,,1
0,3056,,19.55,,1
0,3057,,10.834,,1
0,3059,,13.126,,1
0,3060,,23.339,,1
0,3066,,16.36,,1
0,3067,,9.37,,1
0,3076,,15.331,,1
0,3078,,10.882,,1
0,3080,,0.017,,1
0,3101,,8.138,,1
0,3106,,16.469,,1
0,3110,,0.133,,1
0,3126,,2.16,,1
0,3128,,4,,1
0,3139,,29.089,,1
0,3141,,8.2,,1
0,3142,,8.2,,1
0,3146,,7.565,,1
0,3149,,1.195,,1
0,3151,,6.762,,1
0,3152,,0.504,,1
0,3153,,3.274,,1
0,3154,,6.202,,1
0,3155,,17.6,,1
0,3162,,22.989,,1
0,3169,,5.469,,1
0,3170,,5.163,,1
0,3175,,8.698,,1
0,3176,,16.675,,1
0,3177,,4.422,,1
0,3179,,19.101,,1
0,3181,,3.135,,1
0,3183,,15.94,,1
0,3188,,6.738,,1
0,3196,,20.7,,1
0,3201,,8.273,,1
0,3202,,7.241,,1
0,3204,,7.134,,1
0,3205,,5.011,,1
0,3207,,15.758,,1
0,3209,,4.454,,1
0,3210,,25.638,,1
0,3211,,45.876,,1
0,3212,,39.542,,1
0,3213,,27.213,,1
0,3218,,17.266,,1
0,3219,,21.794,,1
0,3222,,11.734,,1
0,3225,,4.454,,1
0,3227,,9.293,,1
0,3231,,3.008,,1
0,3236,,3.525,,1
0,3238,,12.887,,1
0,3240,,0.507,,1
0,3243,,6.941,,1
0,3244,,2.535,,1
0,3248,,12.135,,1
0,3250,,6.423,,1
0,3251,,9.045,,1
0,3255,,3.223,,1
0,3256,,1.156,,1
0,3261,,2.014,,1
0,3262,,2.235,,1
0,3263,,3.303,,1
0,3264,,4.834,,1
0,3269,,3.808,,1
0,3271,,19.284,,1
0,3272,,14.376,,1
0,3276,,19.5,,1
0,3280,,13.992,,1
0,3281,,6.071,,1
0,3282,,3.955,,1
0,3284,,0.006,,1
0,3285,,3.435,,1
0,3286,,2.975,,1
0,3293,,2.046,,1
0,3296,,0.01,,1
0,3299,,7.126,,1
0,3310,,30.995,,1
0,3311,,21.657,,1
0,3312,,1.314,,1
0,3314,,10.659,,1
0,3315,,22.014,,1
0,3320,,17.043,,1
0,3326,,22.559,,1
0,3328,,32.011,,1
0,3330,,4.453,,1
0,3332,,21.71,,1
0,3334,,27,,1
0,3340,,33.581,,1
0,3341,,10.139,,1
0,3343,,2.267,,1
0,3345,,26,,1
0,3347,,19.091,,1
0,3349,,0.861,,1
0,3351,,10,,1
0,3354,,13.556,,1
0,3356,,2.547,,1
0,3358,,13.37,,1
0,3394,,7.032,,1
0,3396,,80.178,,1
0,3421,,6.648,,1
0,3426,,12.249,,1
0,3427,,6.886,,1
0,3428,,29.3,,1
0,3430,,0.014,,1
0,3436,,48.627,,1
0,3438,,34.981,,1
0,3452,,20,,1
0,3455,,20.62,,1
0,3456,,11.267,,1
0,3459,,1.536,,1
0,3461,,19.325,,1
0,3463,,7.449,,1
0,3464,,0.385,,1
0,3466,,1.554,,1
0,3467,,0.45,,1
0,3469,,9,,1
0,3470,,0.817,,1
0,3471,,1.016,,1
0,3479,,0.283,,1
0,3480,,2.463,,1
0,3486,,0.712,,1
0,3489,,0.699,,1
0,3497,,2.361,,1
0,3502,,8.05,,1
0,3503,,11.917,,1
0,3506,,3.339,,1
0,3507,,3,,1
0,3509,,3.595,,1
0,3515,,3.032,,1
0,3518,,0.036,,1
0,3522,,22.302,,1
0,3524,,0.33,,1
0,3525,,2.984,,1
0,3527,,0.021,,1
0,3529,,0.02,,1
0,3532,,1.564,,1
0,3536,,0.879,,1
0,3537,,10.316,,1
0,3538,,15.798,,1
0,3543,,1.32,,1
0,3550,,31.774,,1
0,3552,,18.45,,1
0,3553,,13.958,,1
0,3556,,2.138,,1
0,3559,,18.967,,1
0,3560,,18.767,,1
0,3564,,3.75,,1
0,3566,,5.661,,1
0,3567,,17.164,,1
0,3568,,22.3,,1
0,3571,,4.06,,1
0,3574,,18.611,,1
0,3578,,2.934,,1
0,3580,,3.66,,1
0,3581,,9.147,,1
0,3585,,0.887,,1
0,3586,,3.686,,1
0,3587,,1.07,,1
0,3589,,2.83,,1
0,3590,,13.103,,1
0,3591,,14.296,,1
0,3592,,16.213,,1
0,3595,,6.557,,1
0,3603,,1.055,,1
0,3604,,0.029,,1
0,3605,,1.496,,1
0,3607,,16.077,,1
0,3608,,15.071,,1
0,3609,,10.585,,1
0,3610,,20.98,,1
0,3611,,26.225,,1
0,3612,,11.542,,1
0,3613,,6.077,,1
0,3617,,16.185,,1
0,3618,,21.258,,1
0,3619,,18.798,,1
0,3621,,14.185,,1
0,3623,,16.319,,1
0,3624,,23.196,,1
0,3625,,6.889,,1
0,3626,,34.979,,1
0,3628,,24.574,,1
0,3629,,13.679,,1
0,3630,,20.995,,1
0,3631,,9.471,,1
0,3632,,6.571,,1
0,3633,,14.34,,1
0,3634,,12.291,,1
0,3636,,19.623,,1
0,3637,,0.473,,1
0,3638,,6.474,,1
0,3640,,10.185,,1
0,3641,,3.183,,1
0,3645,,1.285,,1
0,3646,,1.963,,1
0,3647,,0.125,,1
0,3648,,1.336,,1
0,3652,,1.66,,1
0,3654,,42.132,,1
0,3655,,6.721,,1
0,3658,,17.611,,1
0,3659,,2.733,,1
0,3662,,17,,1
0,3665,,31.618,,1
0,3666,,49.584,,1
0,3667,,28.877,,1
0,3668,,53.891,,1
0,3669,,35.729,,1
0,3672,,79.458,,1
0,3673,,5.144,,1
0,3675,,1.6,,1
0,3678,,5.049,,1
0,3684,,0.009,,1
0,3685,,11.248,,1
0,3686,,3.22,,1
0,3688,,5.568,,1
0,3689,,0.138,,1
0,3697,,22.103,,1
0,3698,,18.735,,1
0,4442,,16.8,,1
0,5001,,13.474,,1
0,5003,,64.718,,1
0,5005,,46.036,,1
0,5011,,57.371,,1
0,5020,,36.779,,1
0,5022,,42,,1
0,5025,,10,,1
0,5030,,5,,1
0,5035,,41.5,,1
0,5040,,81.383,,1
0,5045,,61.842,,1
0,5050,,20.584,,1
0,5051,,30,,1
0,5053,,41.405,,1
0,5055,,21.95,,1
0,5075,,55,,1
0,5080,,21.237,,1
0,5083,,20,,1
0,5085,,31.087,,1
0,5090,,111.765,,1
0,5093,,27.36,,1
0,5095,,39.216,,1
0,5096,,20,,1
0,5110,,20,,1
0,5125,,105.56,,1
0,5130,,21.715,,1
0,5132,,16.676,,1
0,5135,,11.575,,1
0,5140,,58.348,,1
0,5143,,59.4,,1
0,5145,,23.051,,1
0,5150,,53.787,,1
0,5155,,61.506,,1
0,5165,,41.485,,1
0,5170,,33.597,,1
0,5175,,24.588,,1
0,5180,,93.922,,1
0,5185,,53.645,,1
0,5187,,29.184,,1
0,5190,,22.842,,1
0,5195,,50.723,,1
0,5200,,49.29,,1
0,5205,,29.742,,1
0,5210,,28,,1
0,5220,,59.827,,1
0,5225,,22.662,,1
0,5227,,25.885,,1
0,5234,,102,,1
0,5250,,63.133,,1
0,5255,,37.17,,1
0,5257,,28.685,,1
0,5260,,3.99,,1
0,5285,,54.375,,1
0,5290,,15.9,,1
0,5297,,11,,1
0,5300,,105.7,,1
0,5305,,35.973,,1
0,5310,,35.548,,1
0,5315,,110,,1
0,5325,,45.364,,1
0,5330,,12,,1
0,5331,,22,,1
0,5332,,14.194,,1
0,5335,,13.431,,1
0,5345,,20.401,,1
0,5346,,20,,1
0,5350,,15.152,,1
0,5355,,20,,1
0,5358,,40,,1
0,5360,,28.172,,1
0,5369,,55.709,,1
0,5370,,27.237,,1
0,5385,,33.738,,1
0,5390,,36.982,,1
0,5395,,2,,1
0,5410,,30.658,,1
0,5415,,63.038,,1
0,5417,,0.31,,1
0,5418,,6.744,,1
0,5419,,36.231,,1
0,5420,,88.14,,1
0,5422,,16.522,,1
0,5423,,19.454,,1
0,5427,,44,,1
0,5428,,17.305,,1
0,5429,,20,,1
0,5430,,28,,1
0,5445,,41,,1
0,5453,,13.22,,1
0,5456,,5.505,,1
0,5460,,54.124,,1
0,5465,,26.849,,1
0,5467,,81.004,,1
0,5470,,24.755,,1
0,5485,,73.992,,1
0,5488,,42.8,,1
0,5490,,32.989,,1
0,5504,,4.811,,1
0,5514,,1.702,,1
0,5520,,1.118,,1
0,5522,,1.826,,1
0,5523,,16,,1
0,5524,,8,,1
0,5526,,2.293,,1
0,5528,,0.598,,1
0,5532,,4,,1
0,5534,,0.671,,1
0,5536,,5.784,,1
0,5537,,1.58,,1
0,5538,,4.286,,1
0,5540,,1.058,,1
0,5543,,3.022,,1
0,5548,,1.546,,1
0,5550,,3.915,,1
0,5551,,5,,1
0,5552,,0.67,,1
0,5553,,5,,1
0,5555,,3.767,,1
0,5558,,5.217,,1
0,5560,,3.76,,1
0,5562,,34.2,,1
0,5564,,2.032,,1
0,5566,,2.074,,1
0,5569,,1.497,,1
0,5570,,0.696,,1
0,5573,,4.84,,1
0,5576,,0.844,,1
0,5579,,0.004,,1
0,5585,,25,,1
0,5586,,1.122,,1
0,5588,,4.435,,1
0,5590,,1.726,,1
0,5591,,0.007,,1
0,5592,,2.622,,1
0,5596,,5.478,,1
0,5598,,2,,1
0,5600,,6.127,,1
0,5603,,0.71,,1
0,5604,,4.096,,1
0,5606,,3.211,,1
0,5608,,0.804,,1
0,5610,,1.084,,1
0,5614,,0.327,,1
0,5616,,0.605,,1
0,5618,,0.888,,1
0,5622,,4.116,,1
0,5626,,14.372,,1
0,5630,,4.8,,1
0,5632,,4.564,,1
0,5634,,5.003,,1
0,5638,,1.059,,1
0,5640,,3.91,,1
0,5642,,25,,1
0,5643,,25,,1
0,5645,,1.36,,1
0,5646,,0.1,,1
0,5648,,3.744,,1
0,5652,,1.862,,1
0,5653,,3.08,,1
0,5654,,6.458,,1
0,5662,,6.878,,1
0,5666,,3.381,,1
0,5668,,1.568,,1
0,5672,,2.8,,1
0,5673,,2.267,,1
0,5674,,4.115,,1
0,5675,,8.5,,1
0,5678,,1.199,,1
0,5680,,2.476,,1
0,5683,,13.185,,1
0,5684,,3.736,,1
0,5689,,8.5,,1
0,5690,,1.537,,1
0,5691,,1.658,,1
0,5695,,0.117,,1
0,5697,,1.709,,1
0,5698,,0.553,,1
0,5699,,1.346,,1
0,5700,,4,,1
0,5701,,10,,1
0,5705,,6,,1
0,5707,,5,,1
0,5708,,2.103,,1
0,5710,,2.284,,1
0,5712,,3.572,,1
0,5714,,8.99,,1
0,5716,,4.608,,1
0,5718,,4.285,,1
0,5720,,2.862,,1
0,5722,,1.641,,1
0,5723,,5,,1
0,5727,,30,,1
0,5728,,10,,1
0,5730,,4.83,,1
0,5732,,0.86,,1
0,5735,,1.725,,1
0,5736,,3.02,,1
0,5742,,0.51,,1
0,5744,,4.696,,1
0,5745,,1.511,,1
0,5747,,24.009,,1
0,5752,,23.715,,1
0,5753,,14.798,,1
0,5754,,18.927,,1
0,5755,,27.176,,1
0,5756,,4.795,,1
0,5762,,15.949,,1
0,5763,,6.42,,1
0,5764,,3.094,,1
0,5765,,13.649,,1
0,5766,,11.368,,1
0,5767,,19.882,,1
0,5768,,14.398,,1
0,5769,,39.11,,1
0,5771,,28.772,,1
0,5772,,1.81,,1
0,5774,,28.38,,1
0,5778,,37.506,,1
0,5783,,2.23,,1
0,5785,,1.783,,1
0,5786,,3.52,,1
0,5789,,6,,1
0,5792,,10,,1
0,5800,,20,,1
0,5801,,3,,1
0,5803,,10,,1
0,5806,,10,,1
0,5808,,2.8,,1
0,5812,,0.552,,1
0,5814,,2.639,,1
0,5816,,3.04,,1
0,5818,,1.766,,1
0,5820,,0.998,,1
0,5822,,0.6,,1
0,5824,,0.416,,1
0,5830,,0.937,,1
0,5832,,0.595,,1
0,5836,,0.32,,1
0,5842,,14.96,,1
0,5845,,7.754,,1
0,5848,,1.091,,1
0,5852,,1.199,,1
0,5856,,0.52,,1
0,5858,,2.587,,1
0,5860,,1.67,,1
0,5863,,0.718,,1
0,5864,,0.865,,1
0,5868,,0.89,,1
0,5870,,0.57,,1
0,5872,,1.005,,1
0,5878,,1.284,,1
0,5880,,1.331,,1
0,5888,,1.55,,1
0,5895,,3.84,,1
0,5915,,5.4,,1
0,5930,,28,,1
0,5943,,28,,1
0,5944,,4.47,,1
0,5946,,14.005,,1
0,5963,,2.017,,1
0,5964,,38.195,,1
0,5965,,5.218,,1
0,6005,,0.748,,1
0,6023,,1.151,,1
0,6024,,0.22,,1
0,6031,,0.514,,1
0,6032,,2.587,,1
0,6036,,7.155,,1
0,6038,,6,,1
0,6040,,1.5,,1
0,6042,,0.197,,1
0,6051,,6.039,,1
0,6052,,1.324,,1
0,6053,,1.094,,1
0,6055,,3.929,,1
0,6057,,1.884,,1
0,6058,,3.753,,1
0,6061,,3.622,,1
0,6063,,3.393,,1
0,6070,,1.059,,1
0,6072,,0.428,,1
0,6075,,0.34,,1
0,6080,,0.1,,1
0,6082,,1.391,,1
0,6085,,0.138,,1
0,6087,,0.1,,1
0,6097,,5,,1
0,6098,,0.1,,1
0,6107,,6.064,,1
0,6120,,1.942,,1
0,6122,,0.676,,1
0,6125,,0.315,,1
0,6126,,0.432,,1
0,6132,,0.248,,1
0,6140,,1.083,,1
0,6141,,0.496,,1
0,6142,,0.375,,1
0,6147,,0.135,,1
0,6148,,0.535,,1
0,6153,,0.332,,1
0,6154,,0.024,,1
0,6156,,0.342,,1
0,6166,,0.087,,1
0,6170,,0.97,,1
0,6172,,0.688,,1
0,6173,,0.521,,1
0,6175,,2.124,,1
0,6176,,0.87,,1
0,6177,,0.028,,1
0,6182,,0.124,,1
0,6183,,1.013,,1
0,6185,,3.063,,1
0,6186,,0.09,,1
0,6187,,0.049,,1
0,6192,,0.781,,1
0,6193,,0.753,,1
0,6195,,0.561,,1
0,6196,,2.325,,1
0,6198,,0.026,,1
0,6202,,17.24,,1
0,6204,,0.275,,1
0,6205,,1.668,,1
0,6206,,1.994,,1
0,6207,,2.322,,1
0,6209,,0.496,,1
0,6210,,0.56,,1
0,6212,,0.915,,1
0,6217,,2.22,,1
0,6218,,1.01,,1
0,6223,,13.085,,1
0,6236,,0.824,,1
0,6240,,3.319,,1
0,6242,,2.253,,1
0,6243,,2.22,,1
0,6245,,1.01,,1
0,6247,,0.536,,1
0,6248,,1.403,,1
0,6251,,1.376,,1
0,6252,,1.426,,1
0,6255,,10.35,,1
0,6256,,6.674,,1
0,6257,,17.195,,1
0,6261,,4.869,,1
0,6265,,4.532,,1
0,6267,,5.79,,1
0,6269,,1.52,,1
0,6270,,10.248,,1
0,6271,,9.07,,1
0,6272,,7.091,,1
0,6274,,1.571,,1
0,6275,,10.286,,1
0,6281,,4.871,,1
0,6282,,9.786,,1
0,6285,,0.113,,1
0,6286,,3.789,,1
0,6290,,3.877,,1
0,6291,,4.139,,1
0,6292,,12.028,,1
0,6293,,13.89,,1
0,6300,,0.001,,1
0,6301,,1.467,,1
0,6304,,1.462,,1
0,6305,,1.32,,1
0,6306,,1.162,,1
0,6312,,0.643,,1
0,6317,,8.5,,1
0,6326,,0.526,,1
0,6327,,0.926,,1
0,6328,,2.041,,1
0,6329,,0.307,,1
0,6330,,0.955,,1
0,6331,,0.89,,1
0,6333,,0.89,,1
0,6334,,1.118,,1
0,6337,,0.265,,1
0,6340,,5.7,,1
0,6343,,1.983,,1
0,6344,,0.345,,1
0,6348,,4.564,,1
0,6349,,0.34,,1
0,6350,,0.77,,1
0,6353,,1.505,,1
0,6357,,2.595,,1
0,6358,,0.883,,1
0,6361,,2.5,,1
0,6362,,2,,1
0,6363,,4.645,,1
0,6368,,0.24,,1
0,6369,,0.527,,1
0,6371,,0.931,,1
0,6372,,2.009,,1
0,6377,,0.551,,1
0,6378,,1.409,,1
0,6380,,0.603,,1
0,6383,,1.394,,1
0,6385,,2.85,,1
0,6386,,1.49,,1
0,6387,,2.769,,1
0,6395,,0.412,,1
0,6397,,0.451,,1
0,6399,,0.504,,1
0,6400,,2.826,,1
0,6403,,0.521,,1
0,6407,,3.87,,1
0,6410,,0.628,,1
0,6411,,0.913,,1
0,6412,,0.67,,1
0,6413,,0.66,,1
0,6414,,0.68,,1
0,6417,,5.855,,1
0,6418,,0.405,,1
0,6419,,0.657,,1
0,6422,,0.684,,1
0,6426,,0.68,,1
0,6427,,0.305,,1
0,6429,,0.336,,1
0,6430,,0.62,,1
0,6432,,0.311,,1
0,6434,,0.266,,1
0,6435,,1.153,,1
0,6438,,1.24,,1
0,6446,,0.446,,1
0,6447,,8.85,,1
0,6448,,6.058,,1
0,6449,,10.33,,1
0,6452,,7.253,,1
0,6454,,14.514,,1
0,6455,,8.585,,1
0,6456,,9.938,,1
0,6457,,3.48,,1
0,6458,,0.682,,1
0,6459,,1.2,,1
0,6461,,1.252,,1
0,6462,,12.506,,1
0,6465,,1.31,,1
0,6467,,5.86,,1
0,6470,,18.779,,1
0,6471,,13.579,,1
0,6473,,4.885,,1
0,6477,,1.249,,1
0,6481,,7.332,,1
0,6482,,11.717,,1
0,6488,,1,,1
0,6491,,1.931,,1
0,6495,,0.6,,1
0,6496,,0.627,,1
0,6497,,0.706,,1
0,6503,,0.37,,1
0,6505,,0.37,,1
0,6506,,0.37,,1
0,6507,,0.625,,1
0,6508,,0.367,,1
0,6510,,1.262,,1
0,6511,,0.203,,1
0,6513,,2.927,,1
0,6516,,3.87,,1
0,6517,,17.2,,1
0,6524,,0.69,,1
0,6527,,0.558,,1
0,6528,,0.834,,1
0,6529,,0.69,,1
0,6530,,0.601,,1
0,6534,,5,,1
0,6539,,0.52,,1
0,6545,,0.556,,1
0,6547,,1.25,,1
0,6549,,1.16,,1
0,6552,,0.285,,1
0,6553,,2.33,,1
0,6554,,1.04,,1
0,6560,,7.477,,1
0,6565,,1.569,,1
0,6567,,7.512,,1
0,6570,,6.916,,1
0,6572,,15.209,,1
0,6575,,4.072,,1
0,6577,,1.926,,1
0,6580,,0.02,,1
0,6582,,3.5,,1
0,6584,,6.51,,1
0,6585,,0.36,,1
0,6586,,2.95,,1
0,6587,,1.85,,1
0,6588,,2.703,,1
0,6589,,5.597,,1
0,6591,,0.92,,1
0,6597,,1.434,,1
0,6598,,1.194,,1
0,6604,,12.6,,1
0,6605,,1.639,,1
0,6606,,1.28,,1
0,6607,,38.322,,1
0,6611,,2.323,,1
0,6639,,0.501,,1
0,6640,,5.25,,1
0,6641,,0.245,,1
0,6642,,0.239,,1
0,6643,,0.248,,1
0,6645,,0.95,,1
0,6649,,22.636,,1
0,6651,,0.223,,1
0,6653,,0.005,,1
0,6654,,2.95,,1
0,6658,,1.03,,1
0,6660,,1.04,,1
0,6661,,4.367,,1
0,6665,,0.421,,1
0,6666,,17.391,,1
0,6667,,0.213,,1
0,6675,,4.5,,1
0,6676,,0.35,,1
0,6677,,0.362,,1
0,6681,,3.305,,1
0,6682,,0.413,,1
0,6683,,0.449,,1
0,6689,,0.411,,1
0,6691,,0.38,,1
0,6692,,0.38,,1
0,6701,,5,,1
0,6703,,2.665,,1
0,6707,,5,,1
0,6709,,3.484,,1
0,6710,,3.768,,1
0,6712,,3,,1
0,6719,,7,,1
0,6736,,7,,1
0,6741,,5,,1
0,6742,,2.888,,1
0,6743,,11.126,,1
0,6745,,22.26,,1
0,6746,,0.015,,1
0,6747,,12,,1
0,6771,,10.559,,1
0,6772,,0.776,,1
0,6773,,5.454,,1
0,6800,,9.448,,1
0,6801,,10.8,,1
0,6804,,12,,1
0,6805,,0.004,,1
0,6806,,8.5,,1
0,6808,,7.8,,1
0,6811,,11.202,,1
0,6813,,10,,1
0,6814,,7.082,,1
0,6816,,10.1,,1
0,6818,,20.2,,1
0,6820,,10,,1
0,6821,,20,,1
0,6822,,10,,1
0,6824,,19.9,,1
0,6826,,10.77,,1
0,6827,,10,,1
0,6830,,17,,1
0,6831,,20.1,,1
0,6832,,7.501,,1
0,6835,,10,,1
0,6838,,6.686,,1
0,6840,,13.8,,1
0,6846,,3.4,,1
0,6848,,1.708,,1
0,6850,,4.8,,1
0,6851,,19.264,,1
0,6853,,10.8,,1
0,6858,,4.2,,1
0,6859,,7.424,,1
0,6863,,12,,1
0,6864,,12,,1
0,6865,,15.53,,1
0,6866,,4.8,,1
0,6868,,10,,1
0,6872,,10,,1
0,6873,,15.7,,1
0,6875,,10,,1
0,6877,,12.4,,1
0,6880,,40,,1
0,6881,,21.154,,1
0,6890,,36,,1
0,6891,,2,,1
0,6892,,2,,1
0,6897,,2.666,,1
0,6902,,21.713,,1
0,6904,,12.2,,1
0,6906,,30.1,,1
0,6908,,20.1,,1
0,6914,,15.4,,1
0,6917,,0.002,,1
0,6919,,14.153,,1
0,6920,,1.986,,1
0,6932,,1.837,,1
0,6933,,7.758,,1
0,6935,,8,,1
0,6943,,12.6,,1
0,6944,,8.467,,1
0,7060,,1.291,,1
0,7061,,12.853,,1
0,7063,,0.713,,1
0,7064,,11.009,,1
0,7065,,10.8,,1
0,7066,,1.712,,1
0,7068,,1.683,,1
0,7070,,3.273,,1
0,7075,,0.587,,1
0,7076,,1.135,,1
0,7078,,12,,1
0,7080,,6,,1
0,7084,,1.47,,1
0,7100,,13.828,,1
0,7101,,2.722,,1
0,7102,,22.906,,1
0,7103,,9.5,,1
0,7104,,7.078,,1
0,7111,,1.562,,1
0,7114,,7.9,,1
0,7120,,6.635,,1
0,7124,,6.5,,1
0,7128,,6.914,,1
0,7132,,6.9,,1
0,7133,,10.09,,1
0,7134,,6.027,,1
0,7138,,14.508,,1
0,7140,,10.04,,1
0,7141,,11.5,,1
0,7142,,14,,1
0,7143,,19.5,,1
0,7144,,3.402,,1
0,7145,,6.9,,1
0,7147,,2.766,,1
0,7149,,9.312,,1
0,7151,,6.427,,1
0,7153,,3.526,,1
0,7156,,2.14,,1
0,7158,,7.5,,1
0,7160,,10,,1
0,7162,,14,,1
0,7168,,20.864,,1
0,7169,,30.121,,1
0,7170,,9.951,,1
0,7171,,33.096,,1
0,7172,,11.857,,1
0,7173,,4.559,,1
0,7174,,7,,1
0,7175,,19.818,,1
0,7176,,21.613,,1
0,7177,,9.442,,1
0,7182,,8.418,,1
0,7186,,3.664,,1
0,7187,,6.9,,1
0,7188,,31.975,,1
0,7190,,26.038,,1
0,7192,,21.035,,1
0,7193,,16.178,,1
0,7194,,4.53,,1
0,7195,,12,,1
0,7196,,1.363,,1
0,7198,,47.8,,1
0,7200,,8.013,,1
0,7208,,12.809,,1
0,7210,,6,,1
0,7212,,11.408,,1
0,7216,,14.286,,1
0,7218,,4.96,,1
0,7220,,6.868,,1
0,7222,,11.592,,1
0,7224,,47.467,,1
0,7225,,2.908,,1
0,7226,,14.501,,1
0,7227,,10.5,,1
0,7228,,12.441,,1
0,7229,,12.904,,1
0,7230,,0.092,,1
0,7231,,1.304,,1
0,7232,,26.3,,1
0,7233,,6,,1
0,7234,,12.8,,1
0,7235,,0.6,,1
0,7236,,6.9,,1
0,7237,,7,,1
0,7238,,10,,1
0,7242,,28.59,,1
0,7243,,14,,1
0,7244,,23.201,,1
0,7245,,7.034,,1
0,7246,,20,,1
0,7248,,23,,1
0,7249,,6,,1
0,7250,,0.023,,1
0,7251,,6,,1
0,7252,,16.5,,1
0,7254,,9.5,,1
0,7257,,3.641,,1
0,7263,,1.113,,1
0,7270,,7.145,,1
0,7271,,0.63,,1
0,7272,,12.315,,1
0,7273,,2.44,,1
0,7274,,4.6,,1
0,7275,,5.212,,1
0,7276,,23,,1
0,7278,,94.06,,1
0,7280,,0.568,,1
0,7286,,1.679,,1
0,7287,,8.59,,1
0,7292,,27.033,,1
0,7294,,12.411,,1
0,7296,,0.872,,1
0,7299,,2.664,,1
0,7302,,24.939,,1
0,7308,,4.816,,1
0,7310,,19.6,,1
0,7312,,5,,1
0,7314,,8.567,,1
0,7318,,2.187,,1
0,7322,,11.736,,1
0,7323,,8.313,,1
0,7324,,14.834,,1
0,7325,,4.34,,1
0,7326,,6.13,,1
0,7330,,8.755,,1
0,7331,,1.719,,1
0,7333,,5.592,,1
0,7343,,17.114,,1
0,7346,,13.145,,1
0,7347,,21,,1
0,7351,,7,,1
0,7352,,11.856,,1
0,7355,,1.657,,1
0,7366,,2.445,,1
0,7386,,1.054,,1
0,7390,,10,,1
0,7395,,1.738,,1
0,7400,,1.641,,1
0,7402,,2.484,,1
0,7404,,3.162,,1
0,7406,,0.875,,1
0,7408,,0.823,,1
0,7410,,1.82,,1
0,7412,,2.88,,1
0,7414,,6.395,,1
0,7418,,6,,1
0,7426,,3.515,,1
0,7428,,1.148,,1
0,7430,,1.756,,1
0,7432,,11.673,,1
0,7437,,2.882,,1
0,7438,,3.878,,1
0,7440,,0.667,,1
0,7441,,4.775,,1
0,7442,,3.519,,1
0,7454,,36.074,,1
0,7456,,11.552,,1
0,7457,,27.982,,1
0,7458,,9.838,,1
0,7460,,14.862,,1
0,7461,,24.875,,1
0,7462,,21.525,,1
0,7463,,15,,1
0,7474,,8.257,,1
0,7477,,5.893,,1
0,7478,,0.182,,1
0,7482,,13.4,,1
0,7488,,4.836,,1
0,7489,,10,,1
0,7490,,8.497,,1
0,7491,,9.149,,1
0,7492,,26.385,,1
0,7493,,15.163,,1
0,7496,,11.789,,1
0,7498,,26.386,,1
0,7500,,15.799,,1
0,7501,,16.212,,1
0,7502,,16.784,,1
0,7504,,11.988,,1
0,7506,,9.034,,1
0,7507,,12.895,,1
0,7508,,11.339,,1
0,7509,,14.21,,1
0,7512,,14.23,,1
0,7513,,5.983,,1
0,7515,,2.393,,1
0,7516,,3.51,,1
0,7518,,17.83,,1
0,7520,,10.66,,1
0,7522,,11.284,,1
0,7523,,28.78,,1
0,7524,,26.756,,1
0,7525,,48.089,,1
0,7526,,6.142,,1
0,7527,,10.884,,1
0,7528,,26,,1
0,7529,,22.013,,1
0,7530,,19.989,,1
0,7531,,23.511,,1
0,7533,,23.62,,1
0,7534,,29.942,,1
0,7538,,3.819,,1
0,7540,,40.306,,1
0,7542,,8.146,,1
0,7546,,15.196,,1
0,7555,,11.637,,1
0,7556,,12.232,,1
0,7558,,2.261,,1
0,7560,,4.219,,1
0,7564,,9.548,,1
0,7565,,9.7,,1
0,7567,,18.075,,1
0,7568,,7,,1
0,7570,,3.817,,1
0,7571,,2.219,,1
0,7572,,2.55,,1
0,7573,,3.365,,1
0,7574,,6.347,,1
0,7575,,5.9,,1
0,7576,,0.601,,1
0,7577,,3.845,,1
0,7590,,0.91,,1
0,7591,,6,,1
0,7592,,10.651,,1
0,7598,,9.241,,1
0,7601,,38,,1
0,7602,,142.818,,1
0,7604,,7.951,,1
0,7606,,7.615,,1
0,7608,,6.727,,1
0,7609,,12.093,,1
0,7610,,10.399,,1
0,7611,,8.946,,1
0,7612,,3.564,,1
0,7614,,4.176,,1
0,7615,,15.328,,1
0,7616,,1.339,,1
0,7620,,7.314,,1
0,7622,,0.5,,1
0,7624,,0.481,,1
0,7636,,35,,1
0,7639,,10,,1
0,7640,,10,,1
0,7654,,2.222,,1
0,7662,,4.58,,1
0,7665,,13,,1
0,7668,,8.343,,1
0,7670,,11.549,,1
0,7671,,26.396,,1
0,7672,,24.1,,1
0,8031,,2,,1
0,8100,,8.422,,1
0,8102,,7.568,,1
0,8107,,7,,1
0,8108,,2.093,,1
0,8109,,20.79,,1
0,8112,,11.99,,1
0,8113,,37.352,,1
0,8114,,35.551,,1
0,8115,,4.512,,1
0,8116,,12.481,,1
0,8117,,2.4,,1
0,8118,,10.159,,1
0,8119,,3.408,,1
0,8125,,1.905,,1
0,8131,,6.295,,1
0,8132,,2.727,,1
0,8133,,8.273,,1
0,8134,,8.07,,1
0,8135,,6.016,,1
0,8136,,2.594,,1
0,8140,,12,,1
0,8141,,0.769,,1
0,8144,,1.425,,1
0,8146,,24.829,,1
0,8149,,59.38,,1
0,8159,,2.409,,1
0,8166,,8.91,,1
0,8167,,1.835,,1
0,8169,,12.821,,1
0,8177,,34.955,,1
0,8178,,42.187,,1
0,8180,,7.443,,1
0,8182,,48.92,,1
0,8183,,0.301,,1
0,8184,,0.922,,1
0,8186,,2.766,,1
0,8188,,7.822,,1
0,8193,,10,,1
0,8198,,16.539,,1
0,8199,,8.539,,1
0,8203,,18.734,,1
0,8206,,2.717,,1
0,8208,,4.722,,1
0,8215,,30,,1
0,8216,,22.295,,1
0,8217,,5.5,,1
0,8222,,5.5,,1
0,8223,,3.08,,1
0,8230,,3.04,,1
0,8234,,22.006,,1
0,8237,,0.62,,1
0,8238,,0.599,,1
0,8239,,0.08,,1
0,8240,,6,,1
0,8242,,11.8,,1
0,8244,,15.726,,1
0,8246,,1.299,,1
0,8252,,14.261,,1
0,8255,,8.582,,1
0,8259,,4.364,,1
0,8260,,26.7,,1
0,8270,,23.428,,1
0,8273,,51.96,,1
0,8278,,17.409,,1
0,8279,,13.584,,1
0,8280,,0.806,,1
0,8293,,59.707,,1
0,8297,,1.952,,1
0,8299,,13.234,,1
0,8300,,16.296,,1
0,8320,,25.168,,1
0,8321,,22.541,,1
0,8322,,28.686,,1
0,8323,,7.974,,1
0,8325,,9.839,,1
0,8331,,10.469,,1
0,8333,,25.51,,1
0,8335,,12.773,,1
0,8338,,3.456,,1
0,8347,,25.357,,1
0,8348,,60.99,,1
0,8355,,17.187,,1
0,8357,,7.645,,1
0,8358,,9.146,,1
0,8359,,12.326,,1
0,8360,,20.37,,1
0,8365,,2.053,,1
0,8367,,55.132,,1
0,8368,,53.338,,1
0,8371,,33.206,,1
0,8372,,33.548,,1
0,8373,,53.613,,1
0,8374,,31.038,,1
0,8377,,4.55,,1
0,8387,,22.72,,1
0,8391,,30.373,,1
0,8400,,4.685,,1
0,8404,,77.427,,1
0,8405,,0.5,,1
0,8406,,18,,1
0,8407,,7.118,,1
0,8408,,0.303,,1
0,8409,,1.896,,1
0,8410,,4.217,,1
0,8413,,11.95,,1
0,8414,,22.818,,1
0,8421,,8.594,,1
0,8425,,20.625,,1
0,8427,,11.636,,1
0,8431,,6.86,,1
0,8432,,10.639,,1
0,8435,,8.534,,1
0,8436,,6.562,,1
0,8442,,3.419,,1
0,8456,,9.239,,1
0,8458,,1.459,,1
0,8465,,1.548,,1
0,8466,,43.77,,1
0,8467,,12.36,,1
0,8468,,18.374,,1
0,8469,,3.21,,1
0,8474,,79.19,,1
0,8475,,24.244,,1
0,8476,,2.844,,1
0,8478,,26.4,,1
0,8479,,20.514,,1
0,8481,,17.075,,1
0,8482,,12.915,,1
0,8483,,34.071,,1
0,8484,,43.137,,1
0,8486,,18.778,,1
0,8487,,31.375,,1
0,8492,,14.112,,1
0,8493,,30.297,,1
0,8494,,13.751,,1
0,8495,,27.479,,1
0,8496,,21.841,,1
0,8498,,0.234,,1
0,8500,,2.857,,1
0,8505,,5.041,,1
0,8508,,7.424,,1
0,8510,,6.767,,1
0,8515,,1.983,,1
0,8516,,12.873,,1
0,8517,,15.633,,1
0,8518,,24.648,,1
0,8519,,27.736,,1
0,8523,,0.194,,1
0,8526,,15,,1
0,8527,,0.167,,1
0,8529,,0.151,,1
0,8531,,0.76,,1
0,8532,,6.128,,1
0,8533,,0.18,,1
0,8537,,0.586,,1
0,8538,,20.318,,1
0,8539,,24.288,,1
0,8541,,0.182,,1
0,8547,,0.43,,1
0,8549,,0.041,,1
0,8550,,0.575,,1
0,8554,,10.52,,1
0,8555,,3.572,,1
0,8557,,1.198,,1
0,8560,,21.087,,1
0,8561,,21.767,,1
0,8563,,1.782,,1
0,8565,,10,,1
0,8566,,10,,1
0,8568,,16.5,,1
0,8569,,10,,1
0,8572,,1.057,,1
0,8575,,16.5,,1
0,8583,,1.012,,1
0,8585,,5.232,,1
0,8586,,0.935,,1
0,8587,,2.488,,1
0,8590,,5,,1
0,8591,,2.704,,1
0,8592,,0.673,,1
0,8593,,1.294,,1
0,8595,,5.6,,1
0,8597,,6.792,,1
0,8599,,4.275,,1
0,8607,,21.042,,1
0,8610,,13.5,,1
0,8611,,10,,1
0,8612,,14.168,,1
0,8613,,1.17,,1
0,8619,,1.438,,1
0,8622,,0.902,,1
0,8628,,0.576,,1
0,8630,,0.649,,1
0,8633,,1.697,,1
0,8635,,20.499,,1
0,8637,,31.539,,1
0,8641,,24.032,,1
0,8642,,43.154,,1
0,8643,,10.862,,1
0,8645,,41.485,,1
0,8646,,6.78,,1
0,8647,,20.571,,1
0,8648,,6.118,,1
0,8651,,5.227,,1
0,8653,,29.867,,1
0,8664,,0.521,,1
0,8672,,11.875,,1
0,8680,,0.41,,1
0,8683,,4.502,,1
0,8688,,13.107,,1
0,8690,,20.12,,1
0,8692,,1.908,,1
0,8694,,1.59,,1
0,8695,,10.663,,1
0,8699,,2.235,,1
0,8700,,10.277,,1
0,8708,,18,,1
0,8710,,35.964,,1
0,8744,,12.453,,1
0,8748,,11.406,,1
0,8751,,8.035,,1
0,8758,,20.944,,1
0,8760,,53.008,,1
0,8796,,7.781,,1
0,8797,,33.962,,1
0,8798,,10.564,,1
0,8799,,0.579,,1
0,8800,,6.239,,1
0,8803,,0.682,,1
0,8804,,0.65,,1
0,8805,,0.935,,1
0,8808,,1.938,,1
0,8810,,3.087,,1
0,8812,,3.931,,1
0,8815,,0.986,,1
0,8817,,8,,1
0,8818,,126,,1
0,8819,,7,,1
0,8820,,126,,1
0,8821,,41.141,,1
0,8822,,0.49,,1
0,8824,,16.8,,1
0,8839,,11.348,,1
0,8841,,33.932,,1
0,8847,,1.223,,1
0,8856,,14.972,,1
0,8858,,12.957,,1
0,8859,,33.119,,1
0,8860,,23.165,,1
0,8862,,0.3,,1
0,8864,,0.274,,1
0,8866,,0.676,,1
0,8867,,0.338,,1
0,8878,,0.871,,1
0,8882,,15.776,,1
0,8883,,37.388,,1
0,8886,,9.605,,1
0,8888,,3.496,,1
0,8889,,27.188,,1
0,8890,,7.321,,1
0,8891,,1.896,,1
0,8894,,8.679,,1
0,8896,,0.1,,1
0,8899,,0.147,,1
0,8906,,17.175,,1
0,8908,,34.856,,1
0,8911,,3.03,,1
0,8912,,15.359,,1
0,8913,,15,,1
0,8914,,1.841,,1
0,8917,,7.234,,1
0,8918,,69.188,,1
0,8920,,16,,1
0,8923,,21.887,,1
0,8950,,11.528,,1
0,8957,,4.64,,1
0,8959,,0.824,,1
0,8965,,4.275,,1
0,8968,,2,,1
0,8970,,18,,1
0,8979,,5.32,,1
0,8985,,2.39,,1
0,9045,,6.948,,1
0,9077,,19.784,,1
0,9079,,53.366,,1
0,9120,,14.23,,1
0,9121,,29.53,,1
0,9123,,18.53,,1
0,9128,,34.396,,1
0,9129,,20.881,,1
0,9132,,114.221,,1
0,9139,,10.366,,1
0,9147,,62.431,,1
0,9151,,27.575,,1
0,9155,,9.334,,1
0,9158,,52.606,,1
0,9160,,27.964,,1
0,9161,,7,,1
0,9162,,7,,1
0,9163,,12.75,,1
0,9164,,20,,1
0,9166,,52.306,,1
0,9169,,37.226,,1
0,9171,,58.389,,1
0,9175,,34.833,,1
0,9179,,61.763,,1
0,9183,,29.011,,1
0,9184,,12.797,,1
0,9187,,2,,1
0,9190,,36.187,,1
0,9193,,60.813,,1
0,9196,,38.777,,1
0,9198,,5.4,,1
0,9199,,25.61,,1
0,9200,,34.384,,1
0,9202,,22.9,,1
0,9203,,44.936,,1
0,9204,,29.72,,1
0,9207,,33.773,,1
0,9216,,19.784,,1
0,9217,,14.37,,1
0,9220,,22.399,,1
0,9223,,37.548,,1
0,9225,,26.11,,1
0,9227,,21.9,,1
0,9228,,17.227,,1
0,9235,,8.552,,1
0,9236,,4.392,,1
0,9237,,9.3,,1
0,9238,,40.637,,1
0,9244,,17.76,,1
0,9245,,23.694,,1
0,9247,,29.965,,1
0,9251,,12.555,,1
0,9253,,33.359,,1
0,9257,,19.97,,1
0,9260,,6.06,,1
0,9263,,34.982,,1
0,9267,,9.799,,1
0,9269,,19.997,,1
0,9271,,15.813,,1
0,9275,,30.009,,1
0,9278,,10,,1
0,9279,,22.673,,1
0,9280,,49.54,,1
0,9281,,9.684,,1
0,9282,,10.761,,1
0,9283,,10.34,,1
0,9284,,26.052,,1
0,9285,,22.472,,1
0,9286,,22.238,,1
0,9288,,5.25,,1
0,9289,,5.28,,1
0,9291,,30.031,,1
0,9295,,46.959,,1
0,9342,,31.5,,1
0,9413,,5,,1
0,9418,,5,,1
0,9420,,3,,1
0,9422,,3,,1
0,9429,,10,,1
0,9451,,2.755,,1
0,9457,,1,,1
0,10010,,43.4,,1
0,10011,,43.4,,1
0,10020,,5.5,,1
0,11079,,54,,1
0,11080,,40,,1
0,11081,,8.7,,1
0,11082,,1.687,,1
0,11086,,10.851,,1
0,11091,,65,,1
0,11094,,6,,1
0,11146,,7,,1
0,11175,,9.06,,1
0,11176,,4.9,,1
0,11179,,3,,1
0,11184,,10.4,,1
0,11209,,62,,1
0,11226,,9,,1
0,11229,,3.806,,1
0,11230,,6.1,,1
0,11243,,46,,1
0,11252,,11.837,,1
0,11253,,11.837,,1
0,11254,,35.76,,1
0,11256,,27,,1
0,11258,,4.7,,1
0,11259,,28,,1
0,11263,,11.6,,1
0,11265,,2,,1
0,11275,,27,,1
0,11323,,50,,1
0,11335,,12.5,,1
0,11347,,0.657,,1
0,11380,,10.4,,1
0,11400,,0.59,,1
0,11855,,20,,1
0,11874,,14.678,,1
0,11875,,12.601,,1
0,11901,,39.2,,1
0,11952,,8,,1
0,12012,,25.253,,1
0,12021,,70.168,,1
0,12026,,21.653,,1
0,12028,,16.434,,1
0,12036,,0.368,,1
0,12050,,10.757,,1
0,12051,,25.891,,1
0,12052,,22.971,,1
0,12066,,1.33,,1
0,12093,,15,,1
0,12094,,10,,1
0,12115,,6.111,,1
0,12140,,19.644,,1
0,12157,,19.097,,1
0,12205,,50.302,,1
0,12241,,16,,1
0,12313,,18.446,,1
0,12394,,30.7,,1
0,12425,,20.12,,1
0,12481,,12.5,,1
0,12519,,13.196,,1
0,12672,,1.189,,1
0,12680,,38.5,,1
0,12683,,41.1,,1
0,12722,,4.136,,1
0,12735,,21.1,,1
0,12903,,26.544,,1
0,12904,,5.83,,1
0,13101,,0.022,,1
0,13235,,10.627,,1
0,13303,,33.6,,1
0,13524,,3.32,,1
0,13609,,8.205,,1
0,13610,,18.614,,1
0,13620,,17.98,,1
0,13674,,15,,1
0,13700,,25.753,,1
0,15005,,30,,1
0,15051,,11.038,,1
0,17001,,18.882,,1
0,17006,,5.3,,1
0,17007,,5.3,,1
0,18100,,3,,1
0,29108,,1.253,,1
0,32000,,13.487,,1
0,32001,,50.282,,1
0,32002,,23.381,,1
0,32003,,20.025,,1
0,32004,,14.079,,1
0,32005,,3.75,,1
0,32006,,8,,1
0,32790,,16,,1
0,32791,,15.13,,1
0,32792,,11.52,,1
0,32793,,12.48,,1
0,32794,,16.24,,1
0,32796,,5.51,,1
0,32797,,5.51,,1
0,32850,,13.95,,1
0,32854,,24,,1
0,32859,,0.022,,1
0,32860,,4,,1
0,32861,,4,,1
0,32863,,8,,1
0,32864,,25.77,,1
0,32865,,4.367,,1
0,32866,,4.45,,1
0,32868,,2.508,,1
0,32869,,11.702,,1
0,32870,,12.273,,1
0,32871,,7.082,,1
0,32872,,27.882,,1
0,32873,,9.948,,1
0,32874,,8.012,,1
0,32876,,30.977,,1
0,32877,,16.304,,1
0,32878,,6.104,,1
0,32879,,4.732,,1
0,32880,,3.772,,1
0,32881,,4.573,,1
0,32882,,0.05,,1
0,32889,,2.387,,1
0,33629,,38,,1
0,33645,,6.644,,1
0,33662,,67.68,,1
0,33770,,3.397,,1
0,37010,,29.162,,1
0,37060,,30.629,,1
0,37080,,27.096,,1
0,37100,,20.253,,1
0,37120,,7.462,,1
0,37160,,0.844,,1
0,37190,,1.584,,1
0,37200,,1.536,,1
0,37220,,8.3,,1
0,37240,,0.346,,1
0,37251,,8.7,,1
0,37260,,4.313,,1
0,37270,,2.51,,1
0,37290,,4.437,,1
0,37291,,5.5,,1
0,37320,,2.61,,1
0,37350,,2.015,,1
0,37360,,1.02,,1
0,37370,,3.53,,1
0,37380,,11.336,,1
0,37390,,1.632,,1
0,37400,,5.58,,1
0,37420,,2.449,,1
0,37440,,7.19,,1
0,37500,,3.038,,1
0,37510,,2.237,,1
0,37520,,4.242,,1
0,37530,,10.675,,1
0,37570,,9.577,,1
0,37600,,2.642,,1
0,37630,,2.292,,1
0,37660,,9.1,,1
0,37680,,1.328,,1
0,37700,,10.163,,1
0,37710,,2.047,,1
0,37750,,0.787,,1
0,37770,,1.607,,1
0,37790,,3.317,,1
0,37811,,2.145,,1
0,37830,,5.859,,1
0,37870,,0.409,,1
0,37890,,0.775,,1
0,37940,,0.556,,1
0,37960,,4,,1
0,37980,,0.263,,1
0,38001,,8.1,,1
0,38021,,0.832,,1
0,38022,,3.16,,1
0,38029,,5.94,,1
0,38039,,24,,1
0,38050,,4.823,,1
0,38057,,15,,1
0,38065,,7.74,,1
0,38069,,32.881,,1
0,38090,,4.337,,1
0,38101,,5.3,,1
0,38110,,10,,1
0,38111,,13.8,,1
0,38120,,8.72,,1
0,38131,,9.5,,1
0,38140,,0.11,,1
0,38151,,20,,1
0,38160,,8,,1
0,38175,,7.125,,1
0,38200,,3.454,,1
0,38232,,5,,1
0,38250,,6.798,,1
0,38280,,1.293,,1
0,38290,,0.888,,1
0,38295,,20,,1
0,38305,,3,,1
0,38310,,3.425,,1
0,38340,,3.663,,1
0,38360,,0.592,,1
0,38365,,4,,1
0,38370,,15,,1
0,38374,,25,,1
0,38375,,1.972,,1
0,38378,,9.84,,1
0,38379,,14.76,,1
0,38390,,0.118,,1
0,38392,,1.3,,1
0,38395,,0.152,,1
0,38397,,0.143,,1
0,38400,,1.294,,1
0,38411,,8,,1
0,38412,,12.9,,1
0,38420,,0.001,,1
0,38431,,47.5,,1
0,38432,,47.5,,1
0,38460,,3.1,,1
0,38470,,1.6,,1
0,38481,,11.4,,1
0,38482,,7.6,,1
0,38490,,1.229,,1
0,38500,,2.491,,1
0,38530,,10.084,,1
0,38560,,7.125,,1
0,38660,,13.773,,1
0,38740,,12.252,,1
0,38820,,22.425,,1
0,38830,,6,,1
0,38850,,25.685,,1
0,38890,,22.769,,1
0,38920,,169.16,,1
0,38930,,47,,1
0,38950,,32.745,,1
0,38980,,29.79,,1
0,38990,,4.282,,1
0,39010,,8.81,,1
0,39030,,34.27,,1
0,39065,,2.5,,1
0,39090,,2.169,,1
0,39096,,15.942,,1
0,39110,,49.383,,1
0,39111,,48.658,,1
0,39200,,20.53,,1
0,39250,,12.664,,1
0,39280,,0.512,,1
0,39310,,0.883,,1
0,39340,,11.63,,1
0,39346,,40,,1
0,39380,,0.791,,1
0,39410,,0.382,,1
0,39425,,12,,1
0,39430,,0.288,,1
0,39440,,3.7,,1
0,39450,,1.9,,1
0,39530,,6.637,,1
0,39560,,36.737,,1
0,39600,,8.469,,1
0,39650,,0.51,,1
0,39680,,0.548,,1
0,39685,,17.6,,1
0,39700,,21.11,,1
0,39720,,4.4,,1
0,39725,,5.4,,1
0,39730,,5.4,,1
0,39750,,3.44,,1
0,39810,,1.182,,1
0,39870,,112.1,,1
0,39930,,4.4,,1
0,39940,,4.4,,1
0,39950,,0.1,,1
0,40010,,0.1,,1
0,40015,,0.1,,1
0,40070,,34.216,,1
0,40090,,15.66,,1
0,40100,,0.969,,1
0,40120,,9.563,,1
0,40130,,37.997,,1
0,40150,,6.799,,1
0,40155,,18.478,,1
0,40160,,60.136,,1
0,40171,,0.44,,1
0,40172,,0.603,,1
0,40180,,13.189,,1
0,40190,,6.743,,1
0,40200,,2.593,,1
0,40210,,3.307,,1
0,40220,,3.124,,1
0,40235,,12.792,,1
0,40275,,71,,1
0,40281,,70.524,,1
0,40290,,19.08,,1
0,40300,,121.831,,1
0,40320,,22.147,,1
0,40330,,0.41,,1
0,40340,,9.104,,1
0,40350,,52.701,,1
0,40360,,60,,1
0,40370,,3.462,,1
0,40380,,40,,1
0,40390,,8.53,,1
0,40400,,6.463,,1
0,40410,,11.26,,1
0,40420,,7.182,,1
0,40426,,137,,1
0,40430,,71.363,,1
0,40480,,160.662,,1
0,40490,,2.222,,1
0,40500,,33.744,,1
0,40510,,13.99,,1
0,40520,,2.25,,1
0,40530,,3.231,,1
0,40540,,1.982,,1
0,40550,,0.609,,1
0,40555,,3.6,,1
0,40570,,118,,1
0,40590,,4.092,,1
0,40611,,19.73,,1
0,40620,,0.676,,1
0,40630,,18.9,,1
0,40640,,5.76,,1
0,40650,,17.195,,1
0,40665,,24.69,,1
0,40710,,0.1,,1
0,40760,,39,,1
0,40762,,21,,1
0,40764,,112.31,,1
0,40770,,54.94,,1
0,40775,,19,,1
0,40780,,4.524,,1
0,40790,,16.448,,1
0,40800,,1.061,,1
0,40830,,136.136,,1
0,40831,,69.266,,1
0,40841,,18.598,,1
0,40860,,6.071,,1
0,40870,,8.299,,1
0,40930,,2.472,,1
0,40990,,52,,1
0,41000,,138.5,,1
0,41010,,18.027,,1
0,41061,,5.6,,1
0,41071,,25,,1
0,41090,,47.414,,1
0,41111,,8.576,,1
0,41113,,0.884,,1
0,41150,,1.021,,1
0,41160,,5.819,,1
0,41165,,5.159,,1
0,41191,,47.41,,1
0,41205,,2.509,,1
0,41210,,41.657,,1
0,41250,,22.5,,1
0,41260,,17.901,,1
0,41300,,6,,1
0,41310,,38.786,,1
0,41330,,11.954,,1
0,41340,,0.419,,1
0,41350,,1.596,,1
0,41355,,19.5,,1
0,41360,,4.652,,1
0,41370,,37.76,,1
0,41405,,1.5,,1
0,41415,,1.5,,1
0,41420,,4.55,,1
0,41440,,48.45,,1
0,41480,,33.863,,1
0,41490,,9.027,,1
0,41500,,22.882,,1
0,41510,,1.161,,1
0,41520,,3.531,,1
0,41530,,10.081,,1
0,41540,,10,,1
0,41561,,30,,1
0,41580,,81.223,,1
0,41590,,17.868,,1
0,41610,,76.931,,1
0,41620,,3.515,,1
0,41670,,6.09,,1
0,41681,,0.112,,1
0,41700,,49.75,,1
0,42061,,42.945,,1
0,42080,,10.43,,1
0,42090,,33,,1
0,42110,,7.465,,1
0,42120,,18.112,,1
0,42150,,102.2,,1
0,42160,,28,,1
0,42170,,2.391,,1
0,42180,,70.5,,1
0,42190,,49.575,,1
0,42210,,19.471,,1
0,42215,,4.75,,1
0,42220,,12.464,,1
0,42240,,22.96,,1
0,42260,,45,,1
0,42271,,0.265,,1
0,42272,,0.208,,1
0,42340,,5.11,,1
0,42351,,5.8,,1
0,42550,,0.962,,1
0,42551,,0.731,,1
0,42610,,0.954,,1
0,42645,,27.43,,1
0,42651,,0.722,,1
0,42670,,1.654,,1
0,42680,,18.668,,1
0,42690,,31.7,,1
0,42712,,2.356,,1
0,42780,,2.949,,1
0,42790,,14.55,,1
0,42800,,0.226,,1
0,42830,,34.877,,1
0,42860,,10.6,,1
0,42870,,0.169,,1
0,42880,,1.164,,1
0,42890,,19.58,,1
0,42900,,2.381,,1
0,42921,,0.494,,1
0,42922,,0.958,,1
0,42950,,13.047,,1
0,42955,,8.185,,1
0,42960,,0.227,,1
0,43000,,0.408,,1
0,43040,,1.357,,1
0,43070,,19.94,,1
0,43130,,2.45,,1
0,43150,,0.982,,1
0,43155,,0.142,,1
0,43190,,10.574,,1
0,43201,,30.293,,1
0,43202,,16.897,,1
0,43222,,0.709,,1
0,43225,,2.688,,1
0,43230,,4.808,,1
0,43240,,47.575,,1
0,43250,,4.082,,1
0,43262,,77.262,,1
0,43271,,24.452,,1
0,43272,,54.656,,1
0,43290,,8.723,,1
0,43300,,10.271,,1
0,43315,,11.185,,1
0,43330,,4.769,,1
0,43340,,1,,1
0,43350,,0.333,,1
0,43360,,19.819,,1
0,43365,,39.2,,1
0,43390,,0.46,,1
0,43400,,55,,1
0,43440,,9.104,,1
0,43520,,11.267,,1
0,43521,,5.633,,1
0,43570,,31.074,,1
0,43610,,25.93,,1
0,44010,,0.15,,1
0,44020,,82.651,,1
0,44030,,72.837,,1
0,44051,,51.771,,1
0,44100,,0.4,,1
0,44120,,53.658,,1
0,44140,,48.503,,1
0,44145,,22.889,,1
0,44170,,34.019,,1
0,44172,,33.112,,1
0,44180,,2.313,,1
0,44190,,9.642,,1
0,44205,,5.733,,1
0,44210,,21.62,,1
0,44213,,1.351,,1
0,44215,,0.908,,1
0,44230,,41.31,,1
0,44231,,14.36,,1
0,44256,,4.17,,1
0,44260,,170.359,,1
0,44270,,74.78,,1
0,44310,,1.119,,1
0,44341,,69.304,,1
0,44420,,97.459,,1
0,44440,,0.494,,1
0,44450,,146.29,,1
0,44461,,54.312,,1
0,44513,,47.587,,1
0,44570,,1.632,,1
0,44590,,1.274,,1
0,44591,,1.021,,1
0,44592,,0.741,,1
0,44600,,0.356,,1
0,44615,,50.2,,1
0,44620,,21.423,,1
0,44622,,31.852,,1
0,44623,,26.307,,1
0,44625,,29.875,,1
0,44640,,19.973,,1
0,44671,,18.294,,1
0,44672,,53.4,,1
0,44691,,0.355,,1
0,44692,,0.511,,1
0,44700,,17.81,,1
0,44740,,26.075,,1
0,44760,,1.75,,1
0,44761,,1.75,,1
0,44780,,99.025,,1
0,44790,,24.349,,1
0,44792,,27.888,,1
0,44795,,24.669,,1
0,45515,,2,,1
0,45610,,75.972,,1
0,45630,,2.225,,1
0,45640,,1.786,,1
0,45651,,172.217,,1
0,45670,,58.097,,1
0,45675,,10,,1
0,45700,,8.368,,1
0,45730,,79.21,,1
0,45740,,0.319,,1
0,45750,,2.28,,1
0,45760,,76.613,,1
0,45770,,4.644,,1
0,45840,,25.08,,1
0,45880,,44.109,,1
0,45900,,2.323,,1
0,45910,,0.942,,1
0,45940,,84.886,,1
0,45952,,163.485,,1
0,45990,,1.466,,1
0,46110,,122.306,,1
0,46240,,3.176,,1
0,46261,,2.39,,1
0,46270,,210.72,,1
0,46300,,1.505,,1
0,46301,,1.505,,1
0,46331,,19.505,,1
0,46332,,23.217,,1
0,46510,,113.629,,1
0,46511,,36.604,,1
0,46550,,65.587,,1
0,46552,,1.1,,1
0,46560,,12.574,,1
0,46570,,43.599,,1
0,46610,,23.579,,1
0,46611,,23.222,,1
0,46612,,12.271,,1
0,46660,,100.161,,1
0,47010,,11.482,,1
0,47011,,61.345,,1
0,47012,,32.635,,1
0,47013,,13.685,,1
0,47050,,1.68,,1
0,47090,,45.715,,1
0,47100,,1.91,,1
0,47110,,4.921,,1
0,47160,,34.512,,1
0,47210,,1.897,,1
0,47310,,40.141,,1
0,47320,,29.201,,1
0,47321,,54.026,,1
0,47340,,28.5,,1
0,47350,,1.987,,1
0,47380,,0.941,,1
0,47381,,2.823,,1
0,47382,,2.823,,1
0,47430,,30.833,,1
0,47441,,1.424,,1
0,47510,,69.486,,1
0,47540,,0.602,,1
0,47560,,31.315,,1
0,47570,,14.398,,1
0,47571,,39.095,,1
0,47580,,75.28,,1
0,47600,,0.893,,1
0,47620,,37.219,,1
0,47640,,1.868,,1
0,47660,,76.174,,1
0,47670,,0.434,,1
0,47680,,114.052,,1
0,47690,,44.453,,1
0,47700,,52.18,,1
0,47701,,7.519,,1
0,47705,,11.461,,1
0,47730,,146.737,,1
0,47752,,29.852,,1
0,48002,,25.327,,1
0,48013,,0.578,,1
0,48018,,44.268,,1
0,48026,,3.226,,1
0,48029,,27.135,,1
0,48030,,17.743,,1
0,48036,,0.008,,1
0,48037,,0.013,,1
0,48040,,33.745,,1
0,48049,,0.911,,1
0,48051,,13.126,,1
0,48056,,0.448,,1
0,48057,,1.046,,1
0,48061,,0.46,,1
0,48064,,1.124,,1
0,48065,,0.827,,1
0,48069,,19.424,,1
0,48071,,0.326,,1
0,48072,,0.379,,1
0,48078,,47.768,,1
0,48079,,58.035,,1
0,48084,,0.603,,1
0,48085,,0.777,,1
0,48088,,0.582,,1
0,48089,,1.357,,1
0,48095,,0.587,,1
0,48096,,0.53,,1
0,48099,,0.616,,1
0,48100,,0.803,,1
0,48101,,32.7,,1
0,48102,,4.238,,1
0,48103,,23.26,,1
0,48108,,0.424,,1
0,48112,,0.369,,1
0,48118,,73.635,,1
0,48119,,31.262,,1
0,48126,,1.304,,1
0,48127,,0.268,,1
0,48130,,19.464,,1
0,48134,,0.394,,1
0,48135,,0.394,,1
0,48138,,3.74,,1
0,48139,,40.4,,1
0,48141,,21.989,,1
0,48142,,19.309,,1
0,48145,,37.875,,1
0,48146,,21.88,,1
0,48152,,0.54,,1
0,48153,,0.753,,1
0,48159,,0.497,,1
0,48161,,38.38,,1
0,48162,,0.468,,1
0,48167,,17.803,,1
0,48169,,0.984,,1
0,48170,,0.464,,1
0,48172,,11.633,,1
0,48173,,16.062,,1
0,48179,,9.767,,1
0,48185,,6.46,,1
0,48186,,8.069,,1
0,48194,,0.501,,1
0,48195,,0.496,,1
0,48198,,18.728,,1
0,48199,,16.539,,1
0,48203,,55.17,,1
0,48204,,17.948,,1
0,48205,,21.065,,1
0,48206,,0.321,,1
0,48207,,0.439,,1
0,48210,,24.029,,1
0,48211,,10.107,,1
0,48214,,20.917,,1
0,48215,,19.151,,1
0,48218,,1.151,,1
0,48219,,1.643,,1
0,48225,,1.354,,1
0,48226,,43.251,,1
0,48230,,1.063,,1
0,48231,,0.531,,1
0,48232,,51.5,,1
0,48234,,0.486,,1
0,48237,,0.424,,1
0,48240,,7.11,,1
0,48246,,55.986,,1
0,48249,,0.429,,1
0,48250,,0.642,,1
0,48253,,0.348,,1
0,48254,,2.011,,1
0,48257,,1.047,,1
0,48260,,0.588,,1
0,48261,,0.49,,1
0,48262,,28.265,,1
0,48264,,17.901,,1
0,48265,,20.143,,1
0,48269,,0.732,,1
0,48270,,1.163,,1
0,48274,,19.88,,1
0,48277,,0.545,,1
0,48278,,0.451,,1
0,48282,,4.586,,1
0,48283,,5.673,,1
0,48284,,0.415,,1
0,48285,,0.243,,1
0,48288,,39.257,,1
0,48289,,9.592,,1
0,48295,,0.623,,1
0,48296,,0.608,,1
0,48299,,0.874,,1
0,48303,,0.475,,1
0,48312,,2.768,,1
0,48321,,4.28,,1
0,48323,,14.103,,1
0,48324,,12.431,,1
0,48327,,3.01,,1
0,48334,,15.2,,1
0,48335,,35.81,,1
0,48336,,26.316,,1
0,48337,,33.516,,1
0,48340,,1.17,,1
0,48343,,1.051,,1
0,48349,,1.354,,1
0,48350,,0.591,,1
0,48351,,12.827,,1
0,48353,,14.614,,1
0,48354,,0.517,,1
0,48356,,13.491,,1
0,48359,,1.475,,1
0,48361,,0.237,,1
0,48363,,53.182,,1
0,48364,,0.056,,1
0,48365,,0.015,,1
0,48372,,5.199,,1
0,48375,,15.76,,1
0,48378,,2.2,,1
0,48381,,20.595,,1
0,48384,,0.293,,1
0,48385,,0.338,,1
0,48388,,0.27,,1
0,48389,,0.199,,1
0,48392,,19.38,,1
0,48393,,26.767,,1
0,48394,,15.296,,1
0,48397,,30.708,,1
0,48398,,44.269,,1
0,48401,,0.36,,1
0,48402,,0.546,,1
0,48406,,84.332,,1
0,48412,,0.267,,1
0,48416,,0.721,,1
0,48417,,1.271,,1
0,48420,,1.75,,1
0,48423,,2.755,,1
0,48441,,8.468,,1
0,48611,,36.953,,1
0,48612,,36.953,,1
0,48811,,45.7,,1
0,48812,,98.8,,1
0,49005,,0.1,,1
0,49006,,0.2,,1
0,49039,,4.994,,1
0,49071,,3.931,,1
0,59400,,15.731,,1
0,59410,,18.401,,1
0,59420,,19.836,,1
0,59450,,28,,1
0,59460,,28,,1
0,59480,,15.685,,1
0,59490,,29.475,,1
0,59500,,36,,1
0,60014,,0.325,,1
0,60335,,1.15,,1
0,60336,,4,,1
0,60337,,4.5,,1
0,60351,,0.23,,1
0,60352,,12,,1
0,60353,,10,,1
0,60354,,7,,1
0,60356,,10,,1
0,60361,,18.593,,1
0,60367,,10,,1
0,60375,,63.128,,1
0,60378,,10,,1
0,60379,,10,,1
0,60388,,10,,1
0,60424,,10,,1
0,71097,,4.779,,1
0,72193,,9,,1
0,76317,,10,,1
0,76318,,10,,1
0,76319,,6.418,,1
0,76320,,20,,1
0,76388,,3.053,,1
0,76390,,5.98,,1
0,76400,,2.1,,1
0,76663,,5,,1
0,76668,,0.395,,1
0,76669,,0.403,,1
0,77532,,5.586,,1
0,78015,,3.5,,1
0,78105,,2.503,,1
0,78111,,6.504,,1
0,78188,,18,,1
0,78191,,6,,1
0,78195,,4.478,,1
0,78238,,5,,1
0,78259,,6.2,,1
0,78281,,4.75,,1
0,78424,,5,,1
0,78520,,0.841,,1
0,78538,,0.124,,1
0,78542,,0.144,,1
0,78543,,0.187,,1
0,78573,,3.228,,1
0,78574,,1.057,,1
0,78575,,7.564,,1
0,78576,,6,,1
0,78579,,2.273,,1
0,78580,,8.2,,1
0,78583,,10,,1
0,78584,,5,,1
0,79507,,67.5,,1
0,79508,,3,,1
0,79509,,15,,1
0,79510,,8.6,,1
0,79520,,3,,1
0,79521,,3,,1
0,79522,,3,,1
0,79523,,3,,1
0,79549,,41.4,,1
0,79550,,24,,1
0,79551,,4,,1
0,79552,,3,,1
0,79556,,8,,1
0,79557,,22,,1
0,79558,,11,,1
0,79559,,11,,1
0,79560,,11.88,,1
0,79562,,8.6,,1
0,79565,,5,,1
0,79566,,22.25,,1
0,79567,,5.5,,1
0,79600,,22.2,,1
0,79603,,14.4,,1
0,79604,,13.4,,1
0,79605,,30.6,,1
0,79608,,7.8,,1
0,79609,,5.2,,1
0,79610,,21.8,,1
0,79611,,30,,1
0,79612,,12,,1
0,79613,,21.8,,1
0,79614,,35.6,,1
0,79615,,49.2,,1
0,79616,,25.1,,1
0,79617,,32.4,,1
0,79618,,30,,1
0,79620,,31.4,,1
0,79623,,34.8,,1
0,79624,,30,,1
0,79627,,14,,1
0,79692,,7.8,,1
0,80020,,26.07,,1
0,80040,,29.73,,1
0,80064,,0.702,,1
0,80117,,7.477,,1
0,80118,,30.071,,1
0,80121,,27.428,,1
0,80123,,25.479,,1
0,80135,,35.63,,1
0,80136,,20,,1
0,80228,,0.004,,1
0,80229,,16.06,,1
0,80258,,5.88,,1
0,80260,,8.441,,1
0,80475,,8,,1
0,80476,,4,,1
0,85005,,36.645,,1
0,85006,,12,,1
0,88179,,7.443,,1
0,88459,,7,,1
0,88462,,7,,1
0,88921,,14,,1
0,89631,,5,,1
0,109022,,1.482,,1
0,109081,,170,,1
0,110011,,6,,1
0,110012,,6,,1
0,110013,,12,,1
0,110014,,13,,1
0,110015,,45,,1
0,110016,,42,,1
0,110017,,36,,1
0,110018,,40,,1
0,110019,,0.1,,1
0,110020,,38,,1
0,110036,,1.75,,1
0,110037,,1.6,,1
0,110038,,0.3,,1
0,110111,,54.84,,1
0,110112,,13.14,,1
0,110113,,324.03,,1
0,110114,,73.21,,1
0,110115,,73.21,,1
0,110116,,73.21,,1
0,110117,,47.38,,1
0,110123,,92.13,,1
0,110124,,92.13,,1
0,110125,,86.2,,1
0,110128,,60.67,,1
0,110130,,60.67,,1
0,110131,,21.11,,1
0,110135,,76.86,,1
0,110137,,76.86,,1
0,110139,,76.86,,1
0,110143,,31.88,,1
0,110145,,151.35,,1
0,110147,,59.22,,1
0,110150,,10.62,,1
0,110151,,16.06,,1
0,110152,,33.57,,1
0,110155,,250,,1
0,110201,,0.93,,1
0,110202,,1.102,,1
0,110203,,1.093,,1
0,110204,,1.093,,1
0,110206,,1.85,,1
0,110261,,1,,1
0,110279,,300,,1
0,110302,,4.769,,1
0,110303,,8.871,,1
0,110351,,65,,1
0,110352,,65,,1
0,110371,,13,,1
0,110373,,3,,1
0,110375,,61,,1
0,110376,,121,,1
0,110377,,100,,1
0,110382,,54,,1
0,110384,,34,,1
0,110458,,19.86,,1
0,110461,,10.82,,1
0,110462,,16.62,,1
0,110463,,387.18,,1
0,110468,,23,,1
0,110470,,23,,1
0,110473,,44.2,,1
0,110506,,300,,1
0,110508,,76,,1
0,110509,,32.96,,1
0,110522,,6.4,,1
0,110523,,2.2,,1
0,110524,,11.25,,1
0,110525,,11.25,,1
0,110563,,16.93,,1
0,110564,,21.58,,1
0,110578,,30,,1
0,110579,,29,,1
0,110605,,5,,1
0,110627,,11.087,,1
0,110661,,8.76,,1
0,110663,,8.76,,1
0,110682,,12,,1
0,110683,,14,,1
0,110685,,12,,1
0,110686,,14,,1
0,110691,,17,,1
0,110692,,17,,1
0,110701,,18,,1
0,110723,,39.6,,1
0,110731,,9,,1
0,110732,,9,,1
0,110735,,201,,1
0,110751,,12,,1
0,110753,,12,,1
0,110761,,4.4,,1
0,110771,,6.1,,1
0,110772,,6.1,,1
0,110822,,20,,1
0,110823,,20,,1
0,110861,,8.4,,1
0,110862,,8.4,,1
0,110882,,6.5,,1
0,110941,,1.4,,1
0,110942,,1.4,,1
0,110943,,20,,1
0,110944,,20,,1
0,110945,,15,,1
0,110946,,15,,1
0,110947,,20,,1
0,110948,,20,,1
0,110950,,14,,1
0,110951,,14,,1
0,110952,,18,,1
0,110953,,80,,1
0,111011,,25.72,,1
0,111041,,10,,1
0,111101,,0.99,,1
0,111132,,0.26,,1
0,111133,,0.26,,1
0,111134,,0.26,,1
0,111135,,0.26,,1
0,111136,,0.26,,1
0,111137,,0.26,,1
0,111141,,18.15,,1
0,111142,,15.95,,1
0,111161,,16.92,,1
0,111181,,3.83,,1
0,111201,,0.75,,1
0,111204,,4.15,,1
0,111205,,4.15,,1
0,111206,,4.15,,1
0,111207,,4.15,,1
0,111221,,0.73,,1
0,111241,,0.73,,1
0,111261,,0.73,,1
0,111262,,0.73,,1
0,111301,,1,,1
0,120031,,30,,1
0,120032,,30,,1
0,120033,,59,,1
0,120041,,55,,1
0,120042,,55,,1
0,120043,,55,,1
0,120071,,20,,1
0,120072,,20,,1
0,120101,,3,,1
0,120102,,3,,1
0,120111,,9,,1
0,120114,,9,,1
0,120131,,0.65,,1
0,120132,,65,,1
0,120162,,12.99,,1
0,130121,,0.1,,1
0,130221,,0.01,,1
0,130322,,9,,1
0,130324,,9,,1
0,131131,,7,,1
0,131141,,0.9,,1
0,131142,,0.75,,1
0,131351,,1.3,,1
0,131551,,0.3,,1
0,131651,,0.706,,1
0,131751,,1.2,,1
0,131752,,2,,1
0,131851,,37,,1
0,131951,,1,,1
0,132111,,0.42,,1
0,132161,,0.17,,1
0,132212,,0.05,,1
0,132313,,4.7,,1
0,132332,,0.5,,1
0,132333,,0.5,,1
0,132382,,0.03,,1
0,132431,,0.058,,1
0,132436,,0.03,,1
0,132731,,0.1,,1
0,132781,,0.1,,1
0,132831,,0.088,,1
0,132881,,0.04,,1
0,132941,,0.1,,1
0,132991,,0.07,,1
0,140003,,11.95,,1
0,140004,,11.95,,1
0,140041,,0.75,,1
0,140042,,0.75,,1
0,140061,,1.75,,1
0,140062,,1.75,,1
0,140064,,1.75,,1
0,140065,,1.75,,1
0,140082,,0.22,,1
0,140331,,0.02,,1
0,140381,,1,,1
0,140401,,0.01,,1
0,140441,,0.44,,1
0,140472,,0.05,,1
0,140501,,1,,1
0,140502,,1,,1
0,140601,,1,,1
0,140602,,1,,1
0,140651,,0.01,,1
0,140652,,0.01,,1
0,140654,,0.01,,1
0,140655,,0.01,,1
0,140701,,0.01,,1
0,140751,,0.17,,1
0,140752,,0.3,,1
0,140801,,0.03,,1
0,140802,,0.01,,1
0,140851,,0.05,,1
0,140852,,0.05,,1
0,141001,,0.06,,1
0,141051,,0.39,,1
0,141052,,0.3,,1
0,141151,,0.01,,1
0,141202,,0.01,,1
0,141205,,0.01,,1
0,141303,,0.02,,1
0,141353,,0.02,,1
0,141354,,0.05,,1
0,141401,,0.01,,1
0,141451,,0.01,,1
0,141501,,0.01,,1
0,141662,,0.06,,1
0,141711,,0.71,,1
0,141761,,0.07,,1
0,141762,,0.08,,1
0,141811,,0.11,,1
0,141812,,0.02,,1
0,141861,,0.07,,1
0,141862,,0.01,,1
0,142011,,0.09,,1
0,142061,,0.58,,1
0,142111,,0.58,,1
0,150071,,3,,1
0,150072,,3,,1
0,150081,,4.29,,1
0,150082,,7,,1
0,150083,,8,,1
0,150084,,1,,1
0,150103,,2.23,,1
0,150111,,45,,1
0,150112,,45,,1
0,150141,,0.57,,1
0,150142,,0.52,,1
0,150143,,9,,1
0,150144,,4.6,,1
0,150171,,6,,1
0,150172,,14,,1
0,150182,,8,,1
0,150211,,0.05,,1
0,150311,,0.05,,1
0,150711,,0.356,,1
0,150712,,0.3,,1
0,150713,,1.125,,1
0,150714,,1.125,,1
0,150741,,10,,1
0,150751,,0.24,,1
0,150752,,0.24,,1
0,150801,,4.55,,1
0,150901,,11.95,,1
0,150902,,11.95,,1
0,150904,,11.95,,1
0,150905,,11.95,,1
0,150962,,0.05,,1
0,150981,,0.05,,1
0,151033,,0.1,,1
0,151034,,0.1,,1
0,151081,,18.17,,1
0,151082,,15.7,,1
0,151142,,0.12,,1
0,151191,,0.472,,1
0,151192,,0.472,,1
0,151193,,0.472,,1
0,151194,,0.472,,1
0,160002,,4,,1
0,160003,,4,,1
0,160007,,0.261,,1
0,160051,,0.79,,1
0,160062,,0.1,,1
0,160063,,0.1,,1
0,160074,,0.77,,1
0,160075,,0.77,,1
0,160076,,0.77,,1
0,160077,,0.77,,1
0,160092,,1,,1
0,160093,,1,,1
0,160103,,5,,1
0,160104,,5,,1
0,160131,,43,,1
0,160141,,8.059,,1
0,160142,,32.002,,1
0,160182,,36,,1
0,160261,,5.1,,1
0,160262,,5.2,,1
0,160264,,77.4,,1
0,160291,,0.1,,1
0,160292,,0.2,,1
0,160293,,0.1,,1
0,160296,,0.1,,1
0,160297,,0.1,,1
0,160299,,0.1,,1
0,160391,,0.01,,1
0,160392,,0.08,,1
0,160491,,1,,1
0,160492,,1,,1
0,160594,,0.02,,1
0,160691,,1.4,,1
0,160693,,1.4,,1
0,160741,,2,,1
0,160742,,5,,1
0,160832,,0.095,,1
0,160881,,2,,1
0,160982,,0.01,,1
0,161032,,1.5,,1
0,161033,,1.5,,1
0,161034,,1.5,,1
0,161035,,1.5,,1
0,161052,,0.1,,1
0,161102,,1,,1
0,161107,,1,,1
0,161201,,0.5,,1
0,161451,,0.1,,1
0,161452,,0.1,,1
0,161551,,0.9,,1
0,161602,,0.01,,1
0,161701,,0.375,,1
0,161702,,0.25,,1
0,161751,,0.18,,1
0,170011,,0.03,,1
0,170021,,0.04,,1
0,170031,,0.09,,1
0,170033,,0.09,,1
0,170041,,0.1,,1
0,170042,,0.1,,1
0,170051,,0.11,,1
0,170052,,0.11,,1
0,170172,,1.7,,1
0,170173,,0.35,,1
0,170200,,0.02,,1
0,170331,,0.7,,1
0,170332,,0.7,,1
0,170341,,0.95,,1
0,170381,,0.03,,1
0,170401,,0.92,,1
0,170402,,0.92,,1
0,170442,,0.5,,1
0,170443,,0.4,,1
0,180002,,0.05,,1
0,180012,,6,,1
0,180013,,6,,1
0,180021,,0.1,,1
0,180022,,0.1,,1
0,180053,,0.01,,1
0,180441,,3.5,,1
0,180445,,158,,1
0,180951,,2,,1
0,180954,,1.5,,1
0,180957,,2.2,,1
0,180960,,0.7,,1
0,180981,,2.5,,1
0,181031,,1.7,,1
0,181051,,1.112,,1
0,181151,,5,,1
0,181451,,0.345,,1
0,181551,,0.1,,1
0,181552,,0.1,,1
0,181651,,0.7,,1
0,181681,,0.021,,1
0,181732,,0.05,,1
0,181753,,0.01,,1
0,181851,,0.02,,1
0,181901,,0.16,,1
0,182052,,0.05,,1
0,900084,,26,,1
0,900327,,18.436,,1
0,900540,,1,,1
0,900624,,1.829,,1
0,900776,,7.189,,1
0,900839,,4.743,,1
0,900867,,10.018,,1
0,900868,,10.018,,1
0,900914,,3.864,,1
0,900973,,15.385,,1
0,901622,,8,,1
0,901624,,8,,1
0,901625,,8,,1
0,901811,,19.849,,1
0,902011,,0.18,,1
0,902023,,2.687,,1
0,902156,,30,,1
0,902177,,12.864,,1
0,902385,,6.429,,1
0,902398,,2.207,,1
0,902531,,1.2,,1
0,902659,,15,,1
0,902868,,23.366,,1
0,902912,,26.313,,1
0,902914,,6.5,,1
0,902953,,16.747,,1
0,902997,,1.007,,1
0,903031,,20.771,,1
0,903406,,26.975,,1
0,903418,,19.087,,1
0,903472,,29.505,,1
0,903589,,11.892,,1
0,903611,,22.847,,1
0,903709,,9.798,,1
0,904074,,15.607,,1
0,904533,,20.261,,1
0,904630,,2.471,,1
0,905210,,17.081,,1
0,905467,,12.393,,1
0,905678,,0.437,,1
0,905954,,38.782,,1
0,905983,,16,,1
0,906346,,3.738,,1
0,907134,,0.46,,1
0,907193,,3.727,,1
0,907254,,5,,1
