//cyc,pth,Enforceable,Filtered
DA,1 5,0,1
DA,1 964,0,1
DA,10010 10011,0,1
DA,1009 1080,0,1
DA,1009 1106,0,1
DA,1009 11197,0,1
DA,1009 24008,0,1
DA,1009 24009,0,1
DA,1010 18105,0,1
DA,1010 24093,0,1
DA,1010 902554,0,1
DA,1012 1080,0,1
DA,1012 1086,0,1
DA,1012 11086,0,1
DA,1014 24082,0,1
DA,1015 1010,0,1
DA,1015 1202,0,1
DA,1015 24093,0,1
DA,1015 37980,0,1
DA,1015 900914,0,1
DA,1015 901041,0,1
DA,1016 1028,0,1
DA,1019 1176,0,1
DA,1027 1055,0,1
DA,104 3283,0,1
DA,1053 1054,0,1
DA,1054 1055,0,1
DA,1056 1112,0,1
DA,107 186,0,1
DA,1074 1092,0,1
DA,1074 11074,0,1
DA,1074 24007,0,1
DA,1075 1074,0,1
DA,1075 1244,0,1
DA,1075 1245,0,1
DA,1075 1252,0,1
DA,1075 1296,0,1
DA,1075 24007,0,1
DA,1077 11074,0,1
DA,1079 1090,0,1
DA,1079 1095,0,1
DA,1081 1092,0,1
DA,1081 1093,0,1
DA,1081 11094,0,1
DA,1083 11079,0,1
DA,1083 11083,0,1
DA,1084 1085,0,1
DA,1084 1095,0,1
DA,1084 11080,0,1
DA,1084 900084,0,1
DA,1085 900084,0,1
DA,1086 11182,0,1
DA,1086 11197,0,1
DA,1087 11087,0,1
DA,1088 1089,0,1
DA,1088 1295,0,1
DA,1089 11087,0,1
DA,1089 11088,0,1
DA,109001 109002,0,1
DA,109020 109022,0,1
DA,109060 109061,0,1
DA,1091 11088,0,1
DA,1093 1094,0,1
DA,1093 11074,0,1
DA,1094 11083,0,1
DA,1095 1096,0,1
DA,1095 11079,0,1
DA,1096 11097,0,1
DA,1099 1100,0,1
DA,110005 49104,0,1
DA,1101 1110,0,1
DA,110115 110118,0,1
DA,110129 110130,0,1
DA,110143 110144,0,1
DA,110145 110148,0,1
DA,11015 24008,0,1
DA,11015 24009,0,1
DA,11015 37980,0,1
DA,11015 900914,0,1
DA,11015 901042,0,1
DA,110150 49194,0,1
DA,110151 49193,0,1
DA,110152 49195,0,1
DA,110276 110279,0,1
DA,1103 1104,0,1
DA,11032 24016,0,1
DA,11033 24017,0,1
DA,11034 24018,0,1
DA,11035 24015,0,1
DA,110463 110465,0,1
DA,110471 110473,0,1
DA,110474 110468,0,1
DA,110475 110470,0,1
DA,110505 110506,0,1
DA,110506 110508,0,1
DA,110508 110509,0,1
DA,110563 110564,0,1
DA,1106 1108,0,1
DA,110682 110688,0,1
DA,110683 110689,0,1
DA,110685 110688,0,1
DA,110686 110690,0,1
DA,110687 110688,0,1
DA,1107 1108,0,1
DA,11078 11082,0,1
DA,11078 11182,0,1
DA,11078 38100,0,1
DA,11079 11097,0,1
DA,11080 11083,0,1
DA,11082 11097,0,1
DA,11083 11091,0,1
DA,11086 11097,0,1
DA,11091 11094,0,1
DA,110947 110948,0,1
DA,110950 110951,0,1
DA,110950 110956,0,1
DA,110950 41450,0,1
DA,110951 110956,0,1
DA,110951 41450,0,1
DA,110953 110955,0,1
DA,11097 71097,0,1
DA,111301 900540,0,1
DA,1115 1121,0,1
DA,11176 11177,0,1
DA,1118 1119,0,1
DA,1118 1120,0,1
DA,1118 1121,0,1
DA,11197 38110,0,1
DA,1120 1124,0,1
DA,11209 71213,0,1
DA,1121 1126,0,1
DA,1123 1122,0,1
DA,1123 1234,0,1
DA,1123 1254,0,1
DA,1123 1259,0,1
DA,11243 60415,0,1
DA,11245 60408,0,1
DA,1126 11126,0,1
DA,11274 901022,0,1
DA,11318 19750,0,1
DA,11318 19751,0,1
DA,11319 19751,0,1
DA,11319 900609,0,1
DA,11322 79509,0,1
DA,11323 79564,0,1
DA,11335 79609,0,1
DA,1134 1135,0,1
DA,11342 79557,0,1
DA,1135 1157,0,1
DA,114 118,0,1
DA,114 122,0,1
DA,114 133,0,1
DA,11406 24010,0,1
DA,11407 24010,0,1
DA,1141 11259,0,1
DA,1142 1257,0,1
DA,1142 1262,0,1
DA,1142 900991,0,1
DA,1143 1144,0,1
DA,11434 24073,0,1
DA,11436 11437,0,1
DA,11440 24055,0,1
DA,11444 11447,0,1
DA,11444 900643,0,1
DA,11444 900644,0,1
DA,11444 900645,0,1
DA,11445 11447,0,1
DA,11445 900647,0,1
DA,11445 900648,0,1
DA,11445 900649,0,1
DA,11446 11447,0,1
DA,1147 1148,0,1
DA,1149 1152,0,1
DA,1150 1151,0,1
DA,1154 1280,0,1
DA,1156 1159,0,1
DA,1156 1271,0,1
DA,11571 24044,0,1
DA,11572 24045,0,1
DA,1159 1284,0,1
DA,116 13430,0,1
DA,116 3659,0,1
DA,1160 1159,0,1
DA,1160 1267,0,1
DA,1160 1285,0,1
DA,1162 24005,0,1
DA,1164 1389,0,1
DA,1165 1166,0,1
DA,11698 24108,0,1
DA,11701 24013,0,1
DA,11759 24092,0,1
DA,1176 11184,0,1
DA,11795 24085,0,1
DA,118 13647,0,1
DA,11806 902091,0,1
DA,11848 24102,0,1
DA,11850 24101,0,1
DA,11855 902659,0,1
DA,11859 11860,0,1
DA,1186 24004,0,1
DA,11860 11864,0,1
DA,11860 11867,0,1
DA,11860 11868,0,1
DA,11860 11869,0,1
DA,11861 24067,0,1
DA,11866 24066,0,1
DA,11874 11875,0,1
DA,11876 24021,0,1
DA,11877 24022,0,1
DA,11881 24100,0,1
DA,11883 24069,0,1
DA,11884 24070,0,1
DA,11886 24068,0,1
DA,11891 24023,0,1
DA,11908 24117,0,1
DA,11909 24042,0,1
DA,11910 24041,0,1
DA,11920 24036,0,1
DA,11921 24037,0,1
DA,11922 11923,0,1
DA,11923 15025,0,1
DA,11924 11925,0,1
DA,11926 24030,0,1
DA,11927 24031,0,1
DA,11952 24075,0,1
DA,11956 12089,0,1
DA,11956 1955,0,1
DA,1196 76615,0,1
DA,1197 1234,0,1
DA,1197 900776,0,1
DA,1198 1196,0,1
DA,1198 1232,0,1
DA,120021 3380,0,1
DA,120022 3380,0,1
DA,120031 1695,0,1
DA,120032 1695,0,1
DA,1201 71199,0,1
DA,12012 15040,0,1
DA,120133 120136,0,1
DA,1202 11015,0,1
DA,1202 1238,0,1
DA,12021 12022,0,1
DA,12022 12040,0,1
DA,12026 12028,0,1
DA,12034 12036,0,1
DA,1204 1205,0,1
DA,12051 12052,0,1
DA,1206 1207,0,1
DA,12065 12066,0,1
DA,12089 12095,0,1
DA,1209 11209,0,1
DA,1209 71213,0,1
DA,1212 71212,0,1
DA,1213 1215,0,1
DA,1214 71214,0,1
DA,12140 900867,0,1
DA,12140 900868,0,1
DA,1216 1219,0,1
DA,122 7345,0,1
DA,1222 1223,0,1
DA,1227 1228,0,1
DA,1228 1229,0,1
DA,1228 1330,0,1
DA,1229 1231,0,1
DA,1230 1231,0,1
DA,1230 1326,0,1
DA,1232 900776,0,1
DA,1235 1236,0,1
DA,12354 24098,0,1
DA,12356 12357,0,1
DA,12356 16356,0,1
DA,12357 16356,0,1
DA,12358 12359,0,1
DA,12358 16356,0,1
DA,12359 16356,0,1
DA,1236 1237,0,1
DA,1236 71230,0,1
DA,12360 24061,0,1
DA,12373 24043,0,1
DA,12374 24051,0,1
DA,1238 900914,0,1
DA,12388 24026,0,1
DA,1239 1240,0,1
DA,1239 900914,0,1
DA,12394 12395,0,1
DA,1240 1241,0,1
DA,1240 1242,0,1
DA,12404 24087,0,1
DA,12419 24054,0,1
DA,1243 60392,0,1
DA,12430 24118,0,1
DA,12431 24062,0,1
DA,12434 24105,0,1
DA,12438 24072,0,1
DA,12439 900937,0,1
DA,1244 1246,0,1
DA,1244 1249,0,1
DA,12440 12444,0,1
DA,12442 12446,0,1
DA,12444 12448,0,1
DA,12444 12449,0,1
DA,12446 12904,0,1
DA,12448 12449,0,1
DA,1245 1246,0,1
DA,1245 1249,0,1
DA,12450 900937,0,1
DA,12469 12470,0,1
DA,12469 900957,0,1
DA,12479 24002,0,1
DA,12480 24003,0,1
DA,12481 12482,0,1
DA,1250 11140,0,1
DA,1251 1253,0,1
DA,1251 1258,0,1
DA,12511 24050,0,1
DA,12512 24020,0,1
DA,12513 24050,0,1
DA,12513 903409,0,1
DA,12519 900973,0,1
DA,1252 1253,0,1
DA,12523 24095,0,1
DA,12527 37291,0,1
DA,1254 1255,0,1
DA,1254 1258,0,1
DA,1255 1261,0,1
DA,1256 1261,0,1
DA,1257 11257,0,1
DA,1257 1261,0,1
DA,1259 900991,0,1
DA,126 131,0,1
DA,126 145,0,1
DA,126 3636,0,1
DA,1262 1263,0,1
DA,1262 1267,0,1
DA,1264 11265,0,1
DA,1267 1270,0,1
DA,1268 11256,0,1
DA,12680 33629,0,1
DA,12683 901008,0,1
DA,1270 11274,0,1
DA,12704 37271,0,1
DA,1271 1272,0,1
DA,1272 11275,0,1
DA,1272 1284,0,1
DA,12722 24111,0,1
DA,1273 1274,0,1
DA,12735 903611,0,1
DA,1274 1275,0,1
DA,1274 901022,0,1
DA,1275 11274,0,1
DA,1283 11263,0,1
DA,1285 901022,0,1
DA,1294 1295,0,1
DA,12948 24103,0,1
DA,1295 11297,0,1
DA,1295 901041,0,1
DA,1295 901042,0,1
DA,1296 1297,0,1
DA,1297 11297,0,1
DA,1297 901041,0,1
DA,1297 901042,0,1
DA,130 3415,0,1
DA,130021 7387,0,1
DA,131 130,0,1
DA,13101 24083,0,1
DA,13125 24112,0,1
DA,1314 1410,0,1
DA,1315 1316,0,1
DA,1318 19520,0,1
DA,1318 19521,0,1
DA,1319 1373,0,1
DA,1324 1325,0,1
DA,132781 132782,0,1
DA,1328 79556,0,1
DA,132941 132942,0,1
DA,132991 132992,0,1
DA,133 132,0,1
DA,133 3636,0,1
DA,1331 1336,0,1
DA,1337 1338,0,1
DA,13393 3394,0,1
DA,1340 1377,0,1
DA,1340 1381,0,1
DA,1340 1386,0,1
DA,1340 1406,0,1
DA,13402 24078,0,1
DA,13406 24065,0,1
DA,1341 1342,0,1
DA,13410 24077,0,1
DA,13414 24110,0,1
DA,13420 24038,0,1
DA,13423 24027,0,1
DA,13424 24025,0,1
DA,13429 24106,0,1
DA,13429 24107,0,1
DA,13430 13431,0,1
DA,13430 170093,0,1
DA,13430 24106,0,1
DA,13430 24107,0,1
DA,13430 902156,0,1
DA,13431 170094,0,1
DA,13431 902156,0,1
DA,13436 24119,0,1
DA,13438 24028,0,1
DA,13439 24106,0,1
DA,13440 24107,0,1
DA,1346 11347,0,1
DA,1347 11347,0,1
DA,13501 13681,0,1
DA,1357 1361,0,1
DA,1359 1365,0,1
DA,13608 13662,0,1
DA,1368 1369,0,1
DA,1370 1372,0,1
DA,1373 1374,0,1
DA,1373 1375,0,1
DA,1375 901305,0,1
DA,1376 901305,0,1
DA,1377 901316,0,1
DA,1377 901319,0,1
DA,1382 1386,0,1
DA,1382 1387,0,1
DA,1383 1387,0,1
DA,1384 1387,0,1
DA,1385 1386,0,1
DA,1385 901316,0,1
DA,1387 901319,0,1
DA,1389 1390,0,1
DA,1389 1391,0,1
DA,139 3624,0,1
DA,1390 1392,0,1
DA,1400 1402,0,1
DA,1401 1402,0,1
DA,1406 1409,0,1
DA,1407 1409,0,1
DA,1407 1413,0,1
DA,1408 1409,0,1
DA,1408 9451,0,1
DA,140851 901410,0,1
DA,141151 141153,0,1
DA,141151 141154,0,1
DA,141202 141203,0,1
DA,141202 141204,0,1
DA,141205 141206,0,1
DA,141205 141207,0,1
DA,141501 141502,0,1
DA,141501 141504,0,1
DA,141711 141713,0,1
DA,141761 141763,0,1
DA,141762 141764,0,1
DA,141812 141814,0,1
DA,141861 901490,0,1
DA,141862 901492,0,1
DA,142 145,0,1
DA,142 149,0,1
DA,142 3583,0,1
DA,1436 11436,0,1
DA,1436 11437,0,1
DA,1444 11444,0,1
DA,1444 11445,0,1
DA,1444 11446,0,1
DA,1446 1490,0,1
DA,1447 1449,0,1
DA,1449 1508,0,1
DA,1449 901661,0,1
DA,1451 1504,0,1
DA,1451 1516,0,1
DA,1451 1518,0,1
DA,1451 1541,0,1
DA,146 3593,0,1
DA,147 3578,0,1
DA,147 3580,0,1
DA,1473 1522,0,1
DA,1485 1486,0,1
DA,149 153,0,1
DA,149 250,0,1
DA,1490 1491,0,1
DA,1491 1504,0,1
DA,1491 901692,0,1
DA,15000 15005,0,1
DA,15005 15010,0,1
DA,150103 49168,0,1
DA,150103 49169,0,1
DA,15020 15025,0,1
DA,15020 15045,0,1
DA,15021 15026,0,1
DA,1503 1504,0,1
DA,1503 1507,0,1
DA,1503 1515,0,1
DA,1503 1541,0,1
DA,15030 15035,0,1
DA,1504 901661,0,1
DA,15050 15051,0,1
DA,1507 1508,0,1
DA,1507 1514,0,1
DA,150751 901684,0,1
DA,150752 901688,0,1
DA,1508 1509,0,1
DA,1508 901692,0,1
DA,1509 1512,0,1
DA,1509 37390,0,1
DA,150981 901707,0,1
DA,1511 1512,0,1
DA,1514 901740,0,1
DA,1515 1517,0,1
DA,1515 901740,0,1
DA,1516 1520,0,1
DA,1516 901744,0,1
DA,1517 901744,0,1
DA,1518 1520,0,1
DA,1518 901746,0,1
DA,1518 901749,0,1
DA,1519 1521,0,1
DA,1519 901749,0,1
DA,1520 901746,0,1
DA,1520 901749,0,1
DA,1524 11524,0,1
DA,1524 11546,0,1
DA,1524 1545,0,1
DA,1526 1528,0,1
DA,1527 1530,0,1
DA,1527 1536,0,1
DA,1530 1531,0,1
DA,1530 1534,0,1
DA,1536 1537,0,1
DA,1536 1538,0,1
DA,1538 1539,0,1
DA,1539 6075,0,1
DA,1540 1549,0,1
DA,1542 1557,0,1
DA,1542 1558,0,1
DA,1546 11546,0,1
DA,1553 1554,0,1
DA,1553 1567,0,1
DA,1554 1555,0,1
DA,1555 901791,0,1
DA,1556 1557,0,1
DA,1556 901791,0,1
DA,1557 1572,0,1
DA,1562 1563,0,1
DA,157 158,0,1
DA,157 250,0,1
DA,1571 24044,0,1
DA,1572 1581,0,1
DA,1572 24044,0,1
DA,1579 901811,0,1
DA,158 258,0,1
DA,158 37580,0,1
DA,1582 1594,0,1
DA,1582 17001,0,1
DA,1585 1586,0,1
DA,1585 1589,0,1
DA,1586 1587,0,1
DA,1591 1592,0,1
DA,1593 6848,0,1
DA,1597 37870,0,1
DA,160174 160177,0,1
DA,160175 160177,0,1
DA,160182 160205,0,1
DA,1602 1607,0,1
DA,1603 37830,0,1
DA,160691 901941,0,1
DA,160693 901943,0,1
DA,1607 1608,0,1
DA,1608 1615,0,1
DA,160881 160882,0,1
DA,160881 160883,0,1
DA,160982 160983,0,1
DA,161201 161202,0,1
DA,1614 1615,0,1
DA,161451 161453,0,1
DA,161452 161454,0,1
DA,161551 161552,0,1
DA,1616 1617,0,1
DA,161601 161603,0,1
DA,161701 161703,0,1
DA,161702 161704,0,1
DA,161703 161706,0,1
DA,161704 161707,0,1
DA,161751 161754,0,1
DA,161755 902011,0,1
DA,1621 1623,0,1
DA,1621 902024,0,1
DA,1623 902020,0,1
DA,1624 1626,0,1
DA,1625 1624,0,1
DA,1625 1626,0,1
DA,1625 902023,0,1
DA,1625 902024,0,1
DA,1625 902025,0,1
DA,1626 1628,0,1
DA,1626 902023,0,1
DA,1626 902024,0,1
DA,1626 902025,0,1
DA,1627 1628,0,1
DA,1627 37850,0,1
DA,1627 902020,0,1
DA,1630 1631,0,1
DA,1630 902025,0,1
DA,1631 1632,0,1
DA,1631 902033,0,1
DA,1633 1634,0,1
DA,1633 902033,0,1
DA,1634 1635,0,1
DA,1634 1637,0,1
DA,16358 24099,0,1
DA,1636 1637,0,1
DA,1637 1665,0,1
DA,16416 24081,0,1
DA,16424 24034,0,1
DA,1647 1646,0,1
DA,1647 37680,0,1
DA,165 169,0,1
DA,1650 1651,0,1
DA,1657 7386,0,1
DA,1662 1661,0,1
DA,1662 1666,0,1
DA,1662 1669,0,1
DA,1665 1666,0,1
DA,1669 1670,0,1
DA,1669 1671,0,1
DA,1671 902071,0,1
DA,1686 24094,0,1
DA,1687 1771,0,1
DA,1687 1786,0,1
DA,1687 37400,0,1
DA,1693 11806,0,1
DA,1693 902091,0,1
DA,1695 120033,0,1
DA,1699 6822,0,1
DA,17 21,0,1
DA,170 3592,0,1
DA,170 3593,0,1
DA,1700 24013,0,1
DA,170093 902156,0,1
DA,170094 170092,0,1
DA,170094 902156,0,1
DA,17016 24024,0,1
DA,170163 170167,0,1
DA,17017 24040,0,1
DA,170236 170237,0,1
DA,170236 170252,0,1
DA,170237 170253,0,1
DA,1703 1788,0,1
DA,1703 24013,0,1
DA,170443 170446,0,1
DA,170443 170447,0,1
DA,1706 1707,0,1
DA,1708 1709,0,1
DA,1709 1719,0,1
DA,1713 1715,0,1
DA,1714 1740,0,1
DA,1715 1717,0,1
DA,1716 37370,0,1
DA,1716 902309,0,1
DA,1717 1753,0,1
DA,1718 1759,0,1
DA,1718 902313,0,1
DA,1719 902313,0,1
DA,1719 902315,0,1
DA,1722 902315,0,1
DA,1723 6800,0,1
DA,1725 1744,0,1
DA,1725 6810,0,1
DA,1733 1734,0,1
DA,1734 1735,0,1
DA,1734 1736,0,1
DA,1738 6804,0,1
DA,1740 1749,0,1
DA,1741 1742,0,1
DA,1747 6814,0,1
DA,1748 6813,0,1
DA,175 3595,0,1
DA,1751 6818,0,1
DA,1752 6816,0,1
DA,1755 6830,0,1
DA,1757 6826,0,1
DA,1758 24092,0,1
DA,1759 1764,0,1
DA,1759 24092,0,1
DA,1760 1766,0,1
DA,1761 1760,0,1
DA,1761 1765,0,1
DA,1761 1790,0,1
DA,1763 6811,0,1
DA,1764 1765,0,1
DA,1764 37140,0,1
DA,1764 6809,0,1
DA,1768 6832,0,1
DA,177 3595,0,1
DA,1770 1786,0,1
DA,1772 1771,0,1
DA,1772 1785,0,1
DA,1773 6859,0,1
DA,1780 24097,0,1
DA,1781 1783,0,1
DA,1781 24097,0,1
DA,1782 1783,0,1
DA,1782 6808,0,1
DA,1782 902385,0,1
DA,1783 37350,0,1
DA,1784 1785,0,1
DA,1784 902385,0,1
DA,1786 6824,0,1
DA,1787 24097,0,1
DA,1788 902391,0,1
DA,1789 1790,0,1
DA,1789 902391,0,1
DA,1790 6838,0,1
DA,1793 37320,0,1
DA,1796 6872,0,1
DA,1797 1798,0,1
DA,18000 24012,0,1
DA,18000 24014,0,1
DA,1801 6827,0,1
DA,180954 180981,0,1
DA,1810 6850,0,1
DA,18105 902554,0,1
DA,18110 24093,0,1
DA,1812 1813,0,1
DA,1812 6861,0,1
DA,1813 1815,0,1
DA,181351 902571,0,1
DA,181351 902572,0,1
DA,181451 902576,0,1
DA,181732 181733,0,1
DA,181851 181852,0,1
DA,181901 181902,0,1
DA,181951 181952,0,1
DA,182001 182002,0,1
DA,182052 902610,0,1
DA,1821 1820,0,1
DA,1821 1824,0,1
DA,1822 1823,0,1
DA,1824 1826,0,1
DA,1826 1827,0,1
DA,1827 1828,0,1
DA,1827 1831,0,1
DA,1829 1830,0,1
DA,1829 1831,0,1
DA,1829 6944,0,1
DA,1830 2463,0,1
DA,1833 6840,0,1
DA,1837 1838,0,1
DA,1837 1852,0,1
DA,1837 2036,0,1
DA,1838 1854,0,1
DA,1838 1857,0,1
DA,1848 1852,0,1
DA,1848 1854,0,1
DA,1850 1852,0,1
DA,1850 1854,0,1
DA,1852 2018,0,1
DA,1852 902632,0,1
DA,1852 902659,0,1
DA,18527 24033,0,1
DA,18528 24090,0,1
DA,18529 24089,0,1
DA,18530 24109,0,1
DA,18531 24010,0,1
DA,18533 24001,0,1
DA,18534 24000,0,1
DA,18535 19750,0,1
DA,18536 19751,0,1
DA,18537 24046,0,1
DA,18539 24007,0,1
DA,1854 1866,0,1
DA,1854 902632,0,1
DA,1856 11857,0,1
DA,1856 2034,0,1
DA,1857 11857,0,1
DA,186 190,0,1
DA,186 3511,0,1
DA,1860 11859,0,1
DA,1860 11860,0,1
DA,1860 11864,0,1
DA,1860 11867,0,1
DA,1860 11868,0,1
DA,1860 11869,0,1
DA,1860 2065,0,1
DA,1860 2082,0,1
DA,1860 2086,0,1
DA,1864 11860,0,1
DA,1864 1865,0,1
DA,1864 2067,0,1
DA,1865 902868,0,1
DA,1866 2082,0,1
DA,1874 11874,0,1
DA,1874 1955,0,1
DA,1875 11875,0,1
DA,1875 1955,0,1
DA,187557 24009,0,1
DA,187557 902669,0,1
DA,1881 2196,0,1
DA,1881 2197,0,1
DA,1883 1884,0,1
DA,1883 1967,0,1
DA,1883 2194,0,1
DA,1883 902680,0,1
DA,1883 902683,0,1
DA,1883 902684,0,1
DA,1884 902683,0,1
DA,1884 902684,0,1
DA,1885 1886,0,1
DA,190 194,0,1
DA,1906 24042,0,1
DA,1907 24041,0,1
DA,1909 2302,0,1
DA,1909 24041,0,1
DA,1910 2301,0,1
DA,1910 24042,0,1
DA,1912 11912,0,1
DA,1916 1927,0,1
DA,1918 1934,0,1
DA,1919 1920,0,1
DA,1919 2138,0,1
DA,1919 902718,0,1
DA,1920 2140,0,1
DA,1920 902718,0,1
DA,1921 1927,0,1
DA,1922 11922,0,1
DA,1922 11923,0,1
DA,1922 1923,0,1
DA,1922 1924,0,1
DA,1922 1925,0,1
DA,1922 2055,0,1
DA,1923 1924,0,1
DA,1924 11924,0,1
DA,1924 11925,0,1
DA,1924 1925,0,1
DA,1924 2006,0,1
DA,1924 2053,0,1
DA,193 194,0,1
DA,193 210,0,1
DA,194 198,0,1
DA,195 3492,0,1
DA,1951 2169,0,1
DA,1951 24075,0,1
DA,1952 2157,0,1
DA,1952 2158,0,1
DA,1952 24075,0,1
DA,1953 1954,0,1
DA,1954 2085,0,1
DA,1954 2087,0,1
DA,1955 2087,0,1
DA,1955 2088,0,1
DA,1955 2152,0,1
DA,1956 1955,0,1
DA,1956 2089,0,1
DA,1957 12157,0,1
DA,1957 2043,0,1
DA,1957 2047,0,1
DA,1957 2067,0,1
DA,1957 2070,0,1
DA,1957 2071,0,1
DA,1957 2077,0,1
DA,1957 2146,0,1
DA,1958 2157,0,1
DA,1961 2148,0,1
DA,1961 2170,0,1
DA,1961 3009,0,1
DA,1961 3010,0,1
DA,1962 1963,0,1
DA,1962 2194,0,1
DA,1963 2195,0,1
DA,1964 2157,0,1
DA,1964 3011,0,1
DA,1965 3010,0,1
DA,1967 1968,0,1
DA,1967 2195,0,1
DA,1967 2203,0,1
DA,1967 2211,0,1
DA,1967 2212,0,1
DA,1968 2159,0,1
DA,1968 2161,0,1
DA,1970 37050,0,1
DA,1972 37010,0,1
DA,1972 37030,0,1
DA,1972 904533,0,1
DA,1973 37030,0,1
DA,1973 904533,0,1
DA,1973 907012,0,1
DA,1975 2088,0,1
DA,1975 902868,0,1
DA,1994 37120,0,1
DA,1996 15045,0,1
DA,1996 2388,0,1
DA,1997 15046,0,1
DA,1997 2388,0,1
DA,2 4,0,1
DA,2001 15021,0,1
DA,2001 2010,0,1
DA,2002 11925,0,1
DA,2002 15026,0,1
DA,2002 20003,0,1
DA,2004 20003,0,1
DA,2004 2053,0,1
DA,2006 15000,0,1
DA,201 2342,0,1
DA,201 2343,0,1
DA,2010 15046,0,1
DA,2010 2011,0,1
DA,2014 2023,0,1
DA,2016 12021,0,1
DA,2016 12022,0,1
DA,2016 15010,0,1
DA,2016 2051,0,1
DA,2016 2052,0,1
DA,2017 15030,0,1
DA,2017 2388,0,1
DA,2018 2020,0,1
DA,2019 2020,0,1
DA,2019 2023,0,1
DA,202 203,0,1
DA,202 210,0,1
DA,2021 12012,0,1
DA,2021 12021,0,1
DA,2021 12040,0,1
DA,2022 15035,0,1
DA,2022 15040,0,1
DA,2024 2031,0,1
DA,2025 2031,0,1
DA,2026 12026,0,1
DA,2026 2027,0,1
DA,2026 2050,0,1
DA,2027 2035,0,1
DA,2027 2038,0,1
DA,2028 12028,0,1
DA,2028 2035,0,1
DA,2028 2042,0,1
DA,2033 12033,0,1
DA,2033 2036,0,1
DA,2033 2037,0,1
DA,2034 12034,0,1
DA,2034 2038,0,1
DA,2036 906196,0,1
DA,2037 2038,0,1
DA,2039 2040,0,1
DA,2039 2042,0,1
DA,2039 2043,0,1
DA,204 205,0,1
DA,204 210,0,1
DA,204 2295,0,1
DA,2040 2041,0,1
DA,2041 12050,0,1
DA,2041 2042,0,1
DA,2043 2046,0,1
DA,2044 2045,0,1
DA,2045 2046,0,1
DA,2048 2049,0,1
DA,2048 2098,0,1
DA,205 2296,0,1
DA,2050 12050,0,1
DA,2050 2052,0,1
DA,2051 12050,0,1
DA,2051 12052,0,1
DA,2052 12051,0,1
DA,2053 2054,0,1
DA,2054 2408,0,1
DA,2054 902846,0,1
DA,2055 2408,0,1
DA,2055 902846,0,1
DA,2065 2066,0,1
DA,2066 2068,0,1
DA,2066 2070,0,1
DA,2067 2069,0,1
DA,2068 2069,0,1
DA,2070 2071,0,1
DA,2075 2076,0,1
DA,2075 2082,0,1
DA,2076 2082,0,1
DA,208 3477,0,1
DA,2082 11855,0,1
DA,2085 2086,0,1
DA,2085 902868,0,1
DA,2086 902868,0,1
DA,2087 2088,0,1
DA,2089 12089,0,1
DA,2089 12094,0,1
DA,2089 902873,0,1
DA,209 13501,0,1
DA,2091 3009,0,1
DA,2092 3010,0,1
DA,2093 3011,0,1
DA,2094 12095,0,1
DA,2099 2100,0,1
DA,210 214,0,1
DA,2103 2105,0,1
DA,2104 2106,0,1
DA,2105 2106,0,1
DA,2105 2164,0,1
DA,2106 12093,0,1
DA,2109 2111,0,1
DA,211 3483,0,1
DA,2110 2112,0,1
DA,2111 2112,0,1
DA,2113 2114,0,1
DA,2115 12115,0,1
DA,2115 15051,0,1
DA,2116 15050,0,1
DA,2117 2240,0,1
DA,2124 2128,0,1
DA,2128 2133,0,1
DA,2133 2135,0,1
DA,2133 2141,0,1
DA,2134 2136,0,1
DA,2134 2142,0,1
DA,2134 2244,0,1
DA,2135 15055,0,1
DA,2136 15055,0,1
DA,2137 2138,0,1
DA,2137 902912,0,1
DA,2137 902914,0,1
DA,2138 2142,0,1
DA,2138 902914,0,1
DA,214 218,0,1
DA,214 2351,0,1
DA,2140 12140,0,1
DA,2140 900867,0,1
DA,2140 900868,0,1
DA,2140 902912,0,1
DA,2141 902912,0,1
DA,2146 2147,0,1
DA,2146 2156,0,1
DA,2148 2156,0,1
DA,2150 2151,0,1
DA,2150 3009,0,1
DA,2151 2152,0,1
DA,2156 12157,0,1
DA,2158 2159,0,1
DA,2158 3011,0,1
DA,2159 2160,0,1
DA,216 2331,0,1
DA,2160 2161,0,1
DA,2164 2168,0,1
DA,2168 2178,0,1
DA,2169 2179,0,1
DA,2170 2180,0,1
DA,2174 2175,0,1
DA,2174 2177,0,1
DA,2174 902951,0,1
DA,2175 2176,0,1
DA,2175 902951,0,1
DA,2175 902953,0,1
DA,2176 2177,0,1
DA,218 222,0,1
DA,2182 11874,0,1
DA,2182 2183,0,1
DA,2182 2184,0,1
DA,2183 11875,0,1
DA,2183 2185,0,1
DA,2184 12187,0,1
DA,2184 2185,0,1
DA,2184 2190,0,1
DA,2184 2196,0,1
DA,2185 12186,0,1
DA,2185 2190,0,1
DA,2185 2197,0,1
DA,2186 12186,0,1
DA,2186 2187,0,1
DA,2187 12187,0,1
DA,2188 12187,0,1
DA,2188 2189,0,1
DA,2189 12186,0,1
DA,2190 2191,0,1
DA,2190 2192,0,1
DA,2190 902980,0,1
DA,2191 902980,0,1
DA,2192 2193,0,1
DA,2192 2194,0,1
DA,2193 2195,0,1
DA,2193 902980,0,1
DA,2196 2197,0,1
DA,2203 12205,0,1
DA,2203 902684,0,1
DA,2211 902684,0,1
DA,2211 902997,0,1
DA,2212 2216,0,1
DA,2214 2215,0,1
DA,2214 902997,0,1
DA,2215 2216,0,1
DA,2215 902997,0,1
DA,222 221,0,1
DA,2220 2222,0,1
DA,2221 2223,0,1
DA,2222 2223,0,1
DA,2224 2226,0,1
DA,2225 2227,0,1
DA,2226 2227,0,1
DA,2232 2234,0,1
DA,2234 2239,0,1
DA,2239 2240,0,1
DA,2245 2246,0,1
DA,2251 2252,0,1
DA,2257 903031,0,1
DA,2295 2335,0,1
DA,2295 2336,0,1
DA,2295 2337,0,1
DA,2298 2297,0,1
DA,2298 3537,0,1
DA,230 2351,0,1
DA,230 832,0,1
DA,2300 2304,0,1
DA,2305 2306,0,1
DA,2310 2311,0,1
DA,2311 2313,0,1
DA,2313 12313,0,1
DA,2313 2314,0,1
DA,2314 3054,0,1
DA,2316 2323,0,1
DA,2317 903077,0,1
DA,2317 903078,0,1
DA,2317 903079,0,1
DA,2317 903085,0,1
DA,2317 903086,0,1
DA,2318 2343,0,1
DA,2318 903086,0,1
DA,232 236,0,1
DA,232 903128,0,1
DA,2324 2326,0,1
DA,2335 2343,0,1
DA,2336 3523,0,1
DA,2337 2338,0,1
DA,2338 2339,0,1
DA,2338 3523,0,1
DA,2340 6873,0,1
DA,2341 6880,0,1
DA,2342 2344,0,1
DA,2342 3084,0,1
DA,2344 2345,0,1
DA,2345 2346,0,1
DA,2346 2347,0,1
DA,2347 3468,0,1
DA,2352 12356,0,1
DA,2352 12358,0,1
DA,2352 2354,0,1
DA,2352 2524,0,1
DA,2352 2564,0,1
DA,2352 2670,0,1
DA,2353 12356,0,1
DA,2353 12358,0,1
DA,2353 2354,0,1
DA,2353 2521,0,1
DA,2353 2565,0,1
DA,2353 2669,0,1
DA,2354 24098,0,1
DA,2355 24098,0,1
DA,2356 2358,0,1
DA,2356 2615,0,1
DA,2356 2624,0,1
DA,2357 2358,0,1
DA,2357 2616,0,1
DA,2357 2623,0,1
DA,2358 24099,0,1
DA,2359 24099,0,1
DA,236 903128,0,1
DA,2360 2362,0,1
DA,2360 2363,0,1
DA,2360 24061,0,1
DA,2361 24061,0,1
DA,2362 2385,0,1
DA,2362 2536,0,1
DA,2363 2386,0,1
DA,2363 2535,0,1
DA,2363 2555,0,1
DA,2363 37100,0,1
DA,2365 2370,0,1
DA,2366 6943,0,1
DA,2367 2385,0,1
DA,2367 2386,0,1
DA,2367 2395,0,1
DA,2368 2369,0,1
DA,2368 2566,0,1
DA,2369 2516,0,1
DA,2369 2567,0,1
DA,2370 2566,0,1
DA,2370 2567,0,1
DA,2370 33629,0,1
DA,2377 2519,0,1
DA,2377 2568,0,1
DA,2378 2570,0,1
DA,2378 903418,0,1
DA,2385 2386,0,1
DA,2385 2390,0,1
DA,2385 2578,0,1
DA,2385 2587,0,1
DA,2386 2393,0,1
DA,2386 2590,0,1
DA,2387 24026,0,1
DA,2388 24026,0,1
DA,2390 2394,0,1
DA,2394 12394,0,1
DA,2394 2395,0,1
DA,2395 12395,0,1
DA,2399 2479,0,1
DA,2400 2480,0,1
DA,2400 2481,0,1
DA,2400 903378,0,1
DA,2401 2402,0,1
DA,24039 24113,0,1
DA,2405 2481,0,1
DA,2405 2811,0,1
DA,2406 24034,0,1
DA,2407 2812,0,1
DA,2408 16423,0,1
DA,2408 2409,0,1
DA,2409 12552,0,1
DA,2409 16423,0,1
DA,2409 2552,0,1
DA,2411 2415,0,1
DA,2411 2837,0,1
DA,2411 3042,0,1
DA,2411 903296,0,1
DA,2412 2415,0,1
DA,2412 903296,0,1
DA,2412 903307,0,1
DA,24140 24048,0,1
DA,2415 24081,0,1
DA,2416 24081,0,1
DA,2416 2492,0,1
DA,2421 2999,0,1
DA,2423 16423,0,1
DA,2423 24034,0,1
DA,2425 12425,0,1
DA,2429 2430,0,1
DA,2429 2967,0,1
DA,2429 3083,0,1
DA,2430 3067,0,1
DA,2430 3068,0,1
DA,2434 3076,0,1
DA,2438 2767,0,1
DA,2438 2769,0,1
DA,2439 2450,0,1
DA,2439 903349,0,1
DA,2440 12440,0,1
DA,2440 12444,0,1
DA,2440 2442,0,1
DA,2440 2445,0,1
DA,2442 12442,0,1
DA,2442 12443,0,1
DA,2442 12448,0,1
DA,2442 2897,0,1
DA,2445 12441,0,1
DA,2445 12442,0,1
DA,2445 12443,0,1
DA,2445 12448,0,1
DA,2445 2898,0,1
DA,2445 2900,0,1
DA,2445 2960,0,1
DA,2450 12439,0,1
DA,2450 903349,0,1
DA,2460 2472,0,1
DA,2460 903360,0,1
DA,2463 2472,0,1
DA,2463 2729,0,1
DA,2471 2702,0,1
DA,2472 2473,0,1
DA,2472 2693,0,1
DA,2472 2733,0,1
DA,2472 903360,0,1
DA,2472 903370,0,1
DA,2475 2693,0,1
DA,2475 2694,0,1
DA,2477 6862,0,1
DA,2477 6863,0,1
DA,2477 6864,0,1
DA,2479 903378,0,1
DA,2481 12863,0,1
DA,2481 2874,0,1
DA,2482 2810,0,1
DA,2482 2819,0,1
DA,2482 2820,0,1
DA,2482 2875,0,1
DA,2486 2493,0,1
DA,2486 2494,0,1
DA,2486 2982,0,1
DA,2486 2984,0,1
DA,2489 2487,0,1
DA,2489 2490,0,1
DA,2489 2792,0,1
DA,2490 2488,0,1
DA,2492 2491,0,1
DA,2492 3044,0,1
DA,2492 3045,0,1
DA,2493 2495,0,1
DA,2494 2495,0,1
DA,2494 2951,0,1
DA,25 47,0,1
DA,250 254,0,1
DA,2509 2512,0,1
DA,2509 903406,0,1
DA,2510 2512,0,1
DA,2510 2526,0,1
DA,2510 2677,0,1
DA,2510 2691,0,1
DA,2510 903409,0,1
DA,2511 12513,0,1
DA,2511 903409,0,1
DA,2512 903406,0,1
DA,2513 24050,0,1
DA,2516 10011,0,1
DA,2518 903418,0,1
DA,2519 900973,0,1
DA,252 37460,0,1
DA,2520 6819,0,1
DA,2521 2523,0,1
DA,2522 24095,0,1
DA,2523 10011,0,1
DA,2523 24095,0,1
DA,2523 2568,0,1
DA,2523 2570,0,1
DA,2524 2526,0,1
DA,2525 2526,0,1
DA,2525 903406,0,1
DA,2527 6877,0,1
DA,2529 2546,0,1
DA,2530 2547,0,1
DA,2531 2549,0,1
DA,2532 2553,0,1
DA,2532 2560,0,1
DA,2533 2548,0,1
DA,2535 2536,0,1
DA,2535 903441,0,1
DA,2536 2537,0,1
DA,2537 2541,0,1
DA,2537 903441,0,1
DA,2540 2542,0,1
DA,2540 903441,0,1
DA,2541 2551,0,1
DA,2542 2543,0,1
DA,2542 2550,0,1
DA,2544 6875,0,1
DA,2550 2552,0,1
DA,2551 12552,0,1
DA,2552 12552,0,1
DA,2553 2561,0,1
DA,2554 903460,0,1
DA,2555 2576,0,1
DA,2557 903460,0,1
DA,2558 2559,0,1
DA,2558 2564,0,1
DA,2558 2577,0,1
DA,2559 2562,0,1
DA,2559 2578,0,1
DA,2562 2565,0,1
DA,2568 2570,0,1
DA,2569 2577,0,1
DA,2569 903472,0,1
DA,2570 903474,0,1
DA,2571 2578,0,1
DA,2571 2583,0,1
DA,2575 2578,0,1
DA,2575 2582,0,1
DA,2575 903472,0,1
DA,2576 2578,0,1
DA,2576 903472,0,1
DA,2577 2578,0,1
DA,2578 2586,0,1
DA,2578 2587,0,1
DA,258 273,0,1
DA,2580 2586,0,1
DA,2580 2588,0,1
DA,2581 2587,0,1
DA,2581 2589,0,1
DA,2582 2584,0,1
DA,2583 2598,0,1
DA,2584 2598,0,1
DA,2584 2613,0,1
DA,2586 2590,0,1
DA,2590 2591,0,1
DA,2595 2606,0,1
DA,2596 2598,0,1
DA,2596 2657,0,1
DA,2597 2614,0,1
DA,2597 2659,0,1
DA,26 27,0,1
DA,26 32,0,1
DA,26 34,0,1
DA,2607 2634,0,1
DA,2613 2615,0,1
DA,2613 903505,0,1
DA,2614 2616,0,1
DA,2614 903505,0,1
DA,2615 2617,0,1
DA,2616 2618,0,1
DA,262 265,0,1
DA,2623 2627,0,1
DA,2624 2628,0,1
DA,2627 2633,0,1
DA,2628 12684,0,1
DA,2640 2642,0,1
DA,265 269,0,1
DA,265 273,0,1
DA,2651 2653,0,1
DA,2652 2654,0,1
DA,2657 2659,0,1
DA,2657 2660,0,1
DA,2658 2659,0,1
DA,2658 2661,0,1
DA,2660 2663,0,1
DA,2661 2662,0,1
DA,2662 2782,0,1
DA,2663 2783,0,1
DA,2669 2670,0,1
DA,2669 2671,0,1
DA,2670 2673,0,1
DA,2671 2673,0,1
DA,2672 2673,0,1
DA,2673 12672,0,1
DA,2673 2674,0,1
DA,2673 2676,0,1
DA,2673 2677,0,1
DA,2674 2678,0,1
DA,2675 2680,0,1
DA,2678 903406,0,1
DA,268 269,0,1
DA,2687 2690,0,1
DA,2687 2691,0,1
DA,2692 2695,0,1
DA,2692 2697,0,1
DA,2693 6881,0,1
DA,2694 2695,0,1
DA,2696 2697,0,1
DA,2697 6851,0,1
DA,2699 12699,0,1
DA,2702 12736,0,1
DA,2708 6853,0,1
DA,271 1615,0,1
DA,271 1623,0,1
DA,2712 6865,0,1
DA,2713 2716,0,1
DA,2713 2753,0,1
DA,2713 903370,0,1
DA,2716 6886,0,1
DA,2717 12719,0,1
DA,2717 6897,0,1
DA,2717 903589,0,1
DA,2718 2721,0,1
DA,2718 6866,0,1
DA,2718 903589,0,1
DA,2719 2723,0,1
DA,2720 12719,0,1
DA,2721 12470,0,1
DA,2721 24111,0,1
DA,2722 24111,0,1
DA,2722 2729,0,1
DA,2722 3188,0,1
DA,2723 6894,0,1
DA,2725 6896,0,1
DA,2729 2730,0,1
DA,273 277,0,1
DA,2732 6845,0,1
DA,2733 2735,0,1
DA,2735 12735,0,1
DA,2736 12736,0,1
DA,2736 903611,0,1
DA,2739 2740,0,1
DA,2739 903611,0,1
DA,2742 903639,0,1
DA,2743 2745,0,1
DA,2744 2746,0,1
DA,2753 12719,0,1
DA,2756 2767,0,1
DA,2756 2769,0,1
DA,2757 2758,0,1
DA,2757 2760,0,1
DA,2757 2770,0,1
DA,2758 2761,0,1
DA,2758 2772,0,1
DA,2760 2769,0,1
DA,2761 2771,0,1
DA,2764 2765,0,1
DA,2764 2767,0,1
DA,2765 2766,0,1
DA,2766 903639,0,1
DA,277 1649,0,1
DA,277 281,0,1
DA,2776 2777,0,1
DA,2780 2782,0,1
DA,2780 2783,0,1
DA,2782 12394,0,1
DA,2782 2795,0,1
DA,2783 12395,0,1
DA,2783 2795,0,1
DA,2786 2788,0,1
DA,2787 2789,0,1
DA,2792 2793,0,1
DA,2796 2798,0,1
DA,2797 2799,0,1
DA,2804 12804,0,1
DA,281 285,0,1
DA,281 294,0,1
DA,2811 2814,0,1
DA,2812 2824,0,1
DA,2813 2814,0,1
DA,2813 2823,0,1
DA,2815 2816,0,1
DA,2815 2819,0,1
DA,2815 2823,0,1
DA,2816 2817,0,1
DA,2816 2824,0,1
DA,2817 2818,0,1
DA,2820 2828,0,1
DA,2828 2829,0,1
DA,2829 2883,0,1
DA,2832 12836,0,1
DA,2832 2833,0,1
DA,2836 12836,0,1
DA,2837 12836,0,1
DA,2837 2838,0,1
DA,2849 2850,0,1
DA,285 289,0,1
DA,285 293,0,1
DA,2850 3022,0,1
DA,2861 903721,0,1
DA,2862 903721,0,1
DA,2863 12863,0,1
DA,2875 2976,0,1
DA,2876 2974,0,1
DA,288 1648,0,1
DA,2881 2882,0,1
DA,2881 903733,0,1
DA,2882 2890,0,1
DA,2882 2895,0,1
DA,2883 2891,0,1
DA,2883 2894,0,1
DA,2883 903733,0,1
DA,2894 2896,0,1
DA,2895 2897,0,1
DA,2896 2898,0,1
DA,2898 2899,0,1
DA,2904 12904,0,1
DA,2904 2908,0,1
DA,29048 24052,0,1
DA,2905 12447,0,1
DA,29050 24053,0,1
DA,2906 2907,0,1
DA,29090 24058,0,1
DA,291 1633,0,1
DA,29108 24060,0,1
DA,29150 24064,0,1
DA,29176 24071,0,1
DA,292 1655,0,1
DA,2921 2922,0,1
DA,2923 2925,0,1
DA,2924 2926,0,1
DA,2929 2930,0,1
DA,293 292,0,1
DA,2930 2931,0,1
DA,2934 2935,0,1
DA,2934 2936,0,1
DA,2939 2944,0,1
DA,294 297,0,1
DA,2940 2941,0,1
DA,2940 2949,0,1
DA,2940 2973,0,1
DA,2941 2948,0,1
DA,2941 2951,0,1
DA,2944 2945,0,1
DA,2947 2949,0,1
DA,2947 2972,0,1
DA,2948 2949,0,1
DA,2951 12954,0,1
DA,2952 12954,0,1
DA,2952 2953,0,1
DA,2952 2954,0,1
DA,2954 2955,0,1
DA,2954 2956,0,1
DA,2956 2957,0,1
DA,29577 24056,0,1
DA,29578 24047,0,1
DA,2960 2961,0,1
DA,2960 2962,0,1
DA,2962 2963,0,1
DA,2962 2964,0,1
DA,2964 2965,0,1
DA,2965 2966,0,1
DA,2965 2967,0,1
DA,2969 2970,0,1
DA,297 298,0,1
DA,297 299,0,1
DA,2970 2971,0,1
DA,2971 12443,0,1
DA,2971 12447,0,1
DA,2972 2975,0,1
DA,2973 2974,0,1
DA,2974 2975,0,1
DA,2976 2977,0,1
DA,2982 2983,0,1
DA,2986 2987,0,1
DA,2986 2988,0,1
DA,2986 3067,0,1
DA,29872 24057,0,1
DA,2988 2989,0,1
DA,2988 3068,0,1
DA,2989 2990,0,1
DA,299 295,0,1
DA,2990 2992,0,1
DA,2992 2993,0,1
DA,2993 2994,0,1
DA,2994 2995,0,1
DA,2994 2999,0,1
DA,300 1645,0,1
DA,3004 3042,0,1
DA,3004 903307,0,1
DA,301 1640,0,1
DA,3018 3020,0,1
DA,3019 3021,0,1
DA,302 1639,0,1
DA,3021 3022,0,1
DA,3032 3035,0,1
DA,3043 3044,0,1
DA,3043 3045,0,1
DA,3053 3054,0,1
DA,3053 3058,0,1
DA,3054 3056,0,1
DA,3055 3056,0,1
DA,3067 3068,0,1
DA,3076 3077,0,1
DA,3077 3078,0,1
DA,3077 3079,0,1
DA,3079 3080,0,1
DA,3079 3083,0,1
DA,3084 3083,0,1
DA,309 37710,0,1
DA,31 36,0,1
DA,31 38,0,1
DA,3100 24083,0,1
DA,3100 24084,0,1
DA,3101 13101,0,1
DA,3101 24084,0,1
DA,3104 3137,0,1
DA,3104 3201,0,1
DA,3104 3210,0,1
DA,3106 3139,0,1
DA,3106 3196,0,1
DA,3106 3219,0,1
DA,3106 3222,0,1
DA,3111 6746,0,1
DA,3112 6703,0,1
DA,3113 24083,0,1
DA,3114 3224,0,1
DA,3114 3272,0,1
DA,3115 24104,0,1
DA,3118 3316,0,1
DA,3118 3333,0,1
DA,3118 3340,0,1
DA,3118 3349,0,1
DA,3120 3312,0,1
DA,3126 3128,0,1
DA,3126 3239,0,1
DA,3127 24113,0,1
DA,3128 24113,0,1
DA,3128 3269,0,1
DA,3128 3466,0,1
DA,3128 3479,0,1
DA,3129 24084,0,1
DA,3131 3178,0,1
DA,3135 24086,0,1
DA,3136 24032,0,1
DA,3137 3139,0,1
DA,3137 3141,0,1
DA,3137 3202,0,1
DA,3138 24116,0,1
DA,3139 24116,0,1
DA,3139 3198,0,1
DA,3140 13235,0,1
DA,3140 24116,0,1
DA,3140 3207,0,1
DA,3142 3141,0,1
DA,3142 3207,0,1
DA,3143 3213,0,1
DA,3143 3220,0,1
DA,3144 3228,0,1
DA,3145 3241,0,1
DA,3145 3252,0,1
DA,3145 903969,0,1
DA,3146 3149,0,1
DA,3146 903969,0,1
DA,3148 3147,0,1
DA,3148 3149,0,1
DA,3148 3150,0,1
DA,3150 3151,0,1
DA,3150 6742,0,1
DA,3151 903977,0,1
DA,3152 3153,0,1
DA,3152 903977,0,1
DA,3153 3231,0,1
DA,3154 3327,0,1
DA,3155 3327,0,1
DA,3155 903982,0,1
DA,3156 6743,0,1
DA,3161 3160,0,1
DA,3161 3162,0,1
DA,3161 903987,0,1
DA,3161 904074,0,1
DA,3162 903987,0,1
DA,3163 3165,0,1
DA,3163 3169,0,1
DA,3163 900957,0,1
DA,3165 3167,0,1
DA,3165 6918,0,1
DA,3167 3168,0,1
DA,3167 6919,0,1
DA,3171 6730,0,1
DA,3172 6914,0,1
DA,3173 3175,0,1
DA,3173 3176,0,1
DA,3173 6815,0,1
DA,3174 3175,0,1
DA,3174 3183,0,1
DA,3176 3179,0,1
DA,3177 3178,0,1
DA,3177 3179,0,1
DA,3181 24063,0,1
DA,3182 24063,0,1
DA,3182 3187,0,1
DA,3183 3197,0,1
DA,3185 3169,0,1
DA,3185 3191,0,1
DA,3187 3189,0,1
DA,3187 904011,0,1
DA,3188 904011,0,1
DA,3189 904016,0,1
DA,319 323,0,1
DA,3191 3192,0,1
DA,3191 904016,0,1
DA,3192 6920,0,1
DA,3193 24063,0,1
DA,3196 3197,0,1
DA,3197 3198,0,1
DA,32006 32798,0,1
DA,32006 904037,0,1
DA,3201 3203,0,1
DA,3202 3203,0,1
DA,3202 3204,0,1
DA,3203 3205,0,1
DA,3208 3209,0,1
DA,3208 3210,0,1
DA,3208 3211,0,1
DA,3211 3214,0,1
DA,3212 3213,0,1
DA,3212 3214,0,1
DA,3214 3225,0,1
DA,3218 3220,0,1
DA,3218 903965,0,1
DA,3219 3220,0,1
DA,3222 3224,0,1
DA,3224 6709,0,1
DA,3228 6710,0,1
DA,3228 6715,0,1
DA,3229 6707,0,1
DA,3229 6710,0,1
DA,3229 903965,0,1
DA,3231 3144,0,1
DA,3236 13235,0,1
DA,3236 904063,0,1
DA,3238 6805,0,1
DA,3239 3238,0,1
DA,3239 3240,0,1
DA,3239 3256,0,1
DA,3240 904063,0,1
DA,3241 3242,0,1
DA,3241 3252,0,1
DA,3242 3243,0,1
DA,3242 3244,0,1
DA,3243 3258,0,1
DA,3244 3245,0,1
DA,3244 904072,0,1
DA,3245 904074,0,1
DA,3249 3250,0,1
DA,3249 3252,0,1
DA,3249 904072,0,1
DA,3252 3253,0,1
DA,3252 3254,0,1
DA,3254 3253,0,1
DA,3254 3255,0,1
DA,3255 904086,0,1
DA,3256 904086,0,1
DA,3260 3261,0,1
DA,3262 3263,0,1
DA,3269 3270,0,1
DA,3270 16934,0,1
DA,3270 6932,0,1
DA,3271 3272,0,1
DA,3273 16934,0,1
DA,3273 3272,0,1
DA,3273 3285,0,1
DA,3275 3278,0,1
DA,3275 6935,0,1
DA,3279 3280,0,1
DA,32791 32797,0,1
DA,32791 32798,0,1
DA,32792 32798,0,1
DA,32793 32799,0,1
DA,32796 32799,0,1
DA,32797 32799,0,1
DA,32798 904037,0,1
DA,3280 3284,0,1
DA,3281 3284,0,1
DA,3281 3499,0,1
DA,3282 3499,0,1
DA,3285 3290,0,1
DA,32850 32864,0,1
DA,32850 32868,0,1
DA,32855 32856,0,1
DA,32855 32889,0,1
DA,32856 32895,0,1
DA,32857 32865,0,1
DA,3286 3289,0,1
DA,3286 3290,0,1
DA,32866 32868,0,1
DA,3289 24060,0,1
DA,3290 3291,0,1
DA,3291 3293,0,1
DA,33 47,0,1
DA,3300 6719,0,1
DA,3317 3318,0,1
DA,3317 3319,0,1
DA,3317 3320,0,1
DA,3318 3319,0,1
DA,3318 3326,0,1
DA,3319 3346,0,1
DA,3324 3326,0,1
DA,3324 3328,0,1
DA,3324 3335,0,1
DA,3327 3335,0,1
DA,3328 3329,0,1
DA,3329 3330,0,1
DA,3329 3331,0,1
DA,3331 3332,0,1
DA,3331 903982,0,1
DA,3332 3333,0,1
DA,3333 3334,0,1
DA,3335 6712,0,1
DA,3338 24114,0,1
DA,3340 3346,0,1
DA,3342 6727,0,1
DA,3342 907254,0,1
DA,3345 3351,0,1
DA,3345 3354,0,1
DA,3346 3347,0,1
DA,3349 3351,0,1
DA,3354 24060,0,1
DA,3354 3355,0,1
DA,3355 3357,0,1
DA,3355 3359,0,1
DA,3356 3359,0,1
DA,3357 3358,0,1
DA,3357 6735,0,1
DA,3358 3394,0,1
DA,3359 6745,0,1
DA,3391 3396,0,1
DA,3392 24076,0,1
DA,3393 13393,0,1
DA,3393 3492,0,1
DA,3393 3603,0,1
DA,3394 3599,0,1
DA,3395 3600,0,1
DA,3398 24121,0,1
DA,3407 3574,0,1
DA,3407 4442,0,1
DA,3408 3407,0,1
DA,3408 3528,0,1
DA,3408 3573,0,1
DA,3410 24079,0,1
DA,3410 24080,0,1
DA,3410 3420,0,1
DA,3410 3567,0,1
DA,3410 3597,0,1
DA,3415 13415,0,1
DA,3415 3420,0,1
DA,3415 3607,0,1
DA,3415 3612,0,1
DA,3415 3675,0,1
DA,3416 24079,0,1
DA,3416 904290,0,1
DA,3418 24079,0,1
DA,3418 24080,0,1
DA,3418 3638,0,1
DA,3420 13662,0,1
DA,3421 3602,0,1
DA,3423 13426,0,1
DA,3423 13427,0,1
DA,3426 13426,0,1
DA,3426 3427,0,1
DA,3427 13427,0,1
DA,3430 13430,0,1
DA,3434 3435,0,1
DA,3434 3438,0,1
DA,3434 3563,0,1
DA,3436 13568,0,1
DA,3436 24119,0,1
DA,3436 3560,0,1
DA,3436 3563,0,1
DA,3436 3590,0,1
DA,3436 3591,0,1
DA,3437 24119,0,1
DA,3437 3578,0,1
DA,3437 3584,0,1
DA,3438 24028,0,1
DA,3438 3559,0,1
DA,3439 24028,0,1
DA,3439 3573,0,1
DA,3440 3594,0,1
DA,3441 3440,0,1
DA,3441 3586,0,1
DA,3441 3589,0,1
DA,3457 3458,0,1
DA,3460 3461,0,1
DA,3462 3463,0,1
DA,3464 3470,0,1
DA,3464 904382,0,1
DA,3466 3467,0,1
DA,3467 3469,0,1
DA,3468 3469,0,1
DA,3468 3471,0,1
DA,3468 3480,0,1
DA,3470 3471,0,1
DA,3476 24088,0,1
DA,3478 24088,0,1
DA,3479 24088,0,1
DA,3479 3480,0,1
DA,3479 3486,0,1
DA,3479 3497,0,1
DA,3486 3487,0,1
DA,3487 3488,0,1
DA,3487 3605,0,1
DA,3488 3604,0,1
DA,3488 904341,0,1
DA,3489 3492,0,1
DA,3489 904341,0,1
DA,3499 3509,0,1
DA,3501 3502,0,1
DA,3503 13681,0,1
DA,3505 3506,0,1
DA,3506 3509,0,1
DA,3507 3509,0,1
DA,3519 24074,0,1
DA,3522 24074,0,1
DA,3523 24074,0,1
DA,3523 3524,0,1
DA,3523 3532,0,1
DA,3523 3543,0,1
DA,3524 3525,0,1
DA,3525 13525,0,1
DA,3526 13525,0,1
DA,3526 3527,0,1
DA,3526 3528,0,1
DA,3528 3529,0,1
DA,3532 3533,0,1
DA,3533 3534,0,1
DA,3533 3537,0,1
DA,3534 3535,0,1
DA,3535 3538,0,1
DA,3536 3538,0,1
DA,3543 904382,0,1
DA,3550 3574,0,1
DA,3551 3552,0,1
DA,3552 3553,0,1
DA,3553 3590,0,1
DA,3555 3556,0,1
DA,3555 4442,0,1
DA,3559 3560,0,1
DA,3563 3698,0,1
DA,3564 3566,0,1
DA,3564 3698,0,1
DA,3566 3697,0,1
DA,3567 3568,0,1
DA,3568 13568,0,1
DA,357 356,0,1
DA,357 384,0,1
DA,357 387,0,1
DA,357 904403,0,1
DA,3571 3573,0,1
DA,3574 3575,0,1
DA,3580 3581,0,1
DA,3581 3644,0,1
DA,3583 3586,0,1
DA,3583 3587,0,1
DA,3584 3585,0,1
DA,3584 3586,0,1
DA,3588 3597,0,1
DA,3588 3637,0,1
DA,3591 3592,0,1
DA,3593 3594,0,1
DA,3594 13662,0,1
DA,3597 3634,0,1
DA,3599 3600,0,1
DA,36 35,0,1
DA,36 53,0,1
DA,36 61,0,1
DA,3602 3611,0,1
DA,3602 3612,0,1
DA,3605 3606,0,1
DA,3606 13613,0,1
DA,3606 3614,0,1
DA,3607 13662,0,1
DA,3608 13609,0,1
DA,3608 13662,0,1
DA,3609 13608,0,1
DA,3609 3610,0,1
DA,3610 13609,0,1
DA,3610 3611,0,1
DA,3613 13613,0,1
DA,3616 13427,0,1
DA,3619 13426,0,1
DA,3620 13620,0,1
DA,3622 3623,0,1
DA,3625 13501,0,1
DA,3625 3631,0,1
DA,3631 3632,0,1
DA,3632 3614,0,1
DA,3632 3634,0,1
DA,3637 13639,0,1
DA,3638 13639,0,1
DA,3641 3671,0,1
DA,3642 3671,0,1
DA,3643 3415,0,1
DA,3643 3644,0,1
DA,3643 3689,0,1
DA,3644 3645,0,1
DA,3645 3646,0,1
DA,3646 13647,0,1
DA,3647 13647,0,1
DA,3647 3648,0,1
DA,3648 3649,0,1
DA,3649 3652,0,1
DA,3650 904491,0,1
DA,3651 3650,0,1
DA,3651 3652,0,1
DA,3651 3655,0,1
DA,3654 3666,0,1
DA,3654 7336,0,1
DA,3658 3659,0,1
DA,3658 3673,0,1
DA,3658 904491,0,1
DA,3660 13660,0,1
DA,3664 3669,0,1
DA,3665 3666,0,1
DA,3665 7336,0,1
DA,3666 3673,0,1
DA,3667 3670,0,1
DA,3668 7366,0,1
DA,3669 7532,0,1
DA,3671 13524,0,1
DA,3671 13639,0,1
DA,3674 13674,0,1
DA,3675 13430,0,1
DA,3684 3683,0,1
DA,3684 3685,0,1
DA,3684 3686,0,1
DA,3685 904518,0,1
DA,3689 904518,0,1
DA,3697 13568,0,1
DA,3697 3698,0,1
DA,36996 245,0,1
DA,36997 244,0,1
DA,37010 37080,0,1
DA,37030 904533,0,1
DA,37050 37060,0,1
DA,37060 37080,0,1
DA,37080 37100,0,1
DA,37140 37160,0,1
DA,37160 37180,0,1
DA,37180 37190,0,1
DA,37180 37200,0,1
DA,37200 904545,0,1
DA,37220 37240,0,1
DA,37220 904545,0,1
DA,37240 37280,0,1
DA,37251 37260,0,1
DA,37260 903575,0,1
DA,37270 37271,0,1
DA,37280 37260,0,1
DA,37280 37290,0,1
DA,37280 904554,0,1
DA,37360 37361,0,1
DA,37370 37380,0,1
DA,37420 37410,0,1
DA,37420 37440,0,1
DA,37420 37470,0,1
DA,37470 37460,0,1
DA,37470 37490,0,1
DA,37470 37520,0,1
DA,37470 37590,0,1
DA,37470 37600,0,1
DA,37490 37500,0,1
DA,37490 37510,0,1
DA,37520 37530,0,1
DA,37530 37550,0,1
DA,37530 37570,0,1
DA,37530 37580,0,1
DA,37580 37590,0,1
DA,37590 37770,0,1
DA,37600 37620,0,1
DA,37620 904585,0,1
DA,37630 904585,0,1
DA,37650 37660,0,1
DA,37650 37680,0,1
DA,37650 904585,0,1
DA,37680 37700,0,1
DA,37680 37740,0,1
DA,37740 37750,0,1
DA,37740 37770,0,1
DA,37770 37790,0,1
DA,37810 37811,0,1
DA,37870 37890,0,1
DA,37920 37921,0,1
DA,37920 38280,0,1
DA,37921 37940,0,1
DA,37921 38250,0,1
DA,37940 37960,0,1
DA,37960 37980,0,1
DA,38 32870,0,1
DA,38001 38021,0,1
DA,38021 38022,0,1
DA,38021 38027,0,1
DA,38027 38028,0,1
DA,38027 38037,0,1
DA,38028 38029,0,1
DA,38037 38038,0,1
DA,38037 38045,0,1
DA,38038 38039,0,1
DA,38050 904630,0,1
DA,38055 38056,0,1
DA,38056 38057,0,1
DA,38060 38065,0,1
DA,38090 38120,0,1
DA,38100 38101,0,1
DA,38110 38111,0,1
DA,38120 38129,0,1
DA,38129 38130,0,1
DA,38129 38140,0,1
DA,38130 38131,0,1
DA,38170 38175,0,1
DA,38180 38200,0,1
DA,38230 38231,0,1
DA,38231 38232,0,1
DA,38250 38290,0,1
DA,38250 904671,0,1
DA,38280 904671,0,1
DA,38294 38295,0,1
DA,38300 38305,0,1
DA,38372 38373,0,1
DA,38372 38375,0,1
DA,38372 38376,0,1
DA,38373 38374,0,1
DA,38376 38377,0,1
DA,38377 38378,0,1
DA,38377 38379,0,1
DA,38381 38390,0,1
DA,38390 38391,0,1
DA,38391 38392,0,1
DA,38392 38395,0,1
DA,38395 38397,0,1
DA,38397 38400,0,1
DA,384 904732,0,1
DA,38410 38411,0,1
DA,38410 38412,0,1
DA,38410 60397,0,1
DA,38480 38481,0,1
DA,38480 38482,0,1
DA,38480 60408,0,1
DA,38560 39075,0,1
DA,38620 39075,0,1
DA,38650 38620,0,1
DA,38650 39070,0,1
DA,38650 39400,0,1
DA,38660 39070,0,1
DA,38660 39140,0,1
DA,387 904732,0,1
DA,38770 38740,0,1
DA,38770 39095,0,1
DA,38770 39220,0,1
DA,38770 39250,0,1
DA,38770 39280,0,1
DA,388 433,0,1
DA,39065 39070,0,1
DA,39070 39090,0,1
DA,39075 39110,0,1
DA,39075 39111,0,1
DA,39090 39096,0,1
DA,39095 39096,0,1
DA,39095 39140,0,1
DA,39140 39200,0,1
DA,39140 39220,0,1
DA,39220 39250,0,1
DA,39280 39310,0,1
DA,39310 39340,0,1
DA,39340 39345,0,1
DA,39340 39360,0,1
DA,39345 39346,0,1
DA,39345 39400,0,1
DA,39360 39380,0,1
DA,39400 39420,0,1
DA,39400 39435,0,1
DA,39410 39420,0,1
DA,39420 39425,0,1
DA,39430 39435,0,1
DA,39435 39445,0,1
DA,39440 39445,0,1
DA,39445 39450,0,1
DA,39630 39600,0,1
DA,39630 39650,0,1
DA,39630 39670,0,1
DA,39670 39680,0,1
DA,39680 39685,0,1
DA,39750 39810,0,1
DA,39750 904808,0,1
DA,39810 904808,0,1
DA,39910 39930,0,1
DA,39930 39940,0,1
DA,4 8,0,1
DA,4 9,0,1
DA,4000 24011,0,1
DA,40011 48064,0,1
DA,40012 48065,0,1
DA,40015 40870,0,1
DA,40150 40770,0,1
DA,40150 40855,0,1
DA,40250 40352,0,1
DA,40250 41682,0,1
DA,40250 48299,0,1
DA,40250 905729,0,1
DA,40360 40510,0,1
DA,40360 40858,0,1
DA,40390 40392,0,1
DA,40390 40393,0,1
DA,40441 48084,0,1
DA,40442 48085,0,1
DA,40510 40855,0,1
DA,40550 41381,0,1
DA,40550 41382,0,1
DA,40560 48102,0,1
DA,40611 40751,0,1
DA,40612 48130,0,1
DA,40725 40752,0,1
DA,40725 41570,0,1
DA,40725 41682,0,1
DA,40725 48372,0,1
DA,40760 40762,0,1
DA,40760 40770,0,1
DA,40762 40855,0,1
DA,40811 48141,0,1
DA,40812 48142,0,1
DA,40855 40858,0,1
DA,40871 48360,0,1
DA,40911 48185,0,1
DA,40912 48186,0,1
DA,40941 48214,0,1
DA,40942 48215,0,1
DA,40961 48210,0,1
DA,40962 48211,0,1
DA,40980 48234,0,1
DA,41021 48230,0,1
DA,41022 48231,0,1
DA,41023 48232,0,1
DA,41040 48240,0,1
DA,41050 48361,0,1
DA,41071 48171,0,1
DA,41171 48260,0,1
DA,41172 48261,0,1
DA,41221 48295,0,1
DA,41222 48296,0,1
DA,41240 110627,0,1
DA,41300 110578,0,1
DA,41300 110579,0,1
DA,41380 41381,0,1
DA,41380 41382,0,1
DA,41391 48172,0,1
DA,41392 48173,0,1
DA,41450 110952,0,1
DA,41570 41681,0,1
DA,41570 48372,0,1
DA,41631 48388,0,1
DA,41632 48389,0,1
DA,41651 48384,0,1
DA,41652 48385,0,1
DA,41682 48372,0,1
DA,41682 48412,0,1
DA,41711 48401,0,1
DA,41712 48402,0,1
DA,420 419,0,1
DA,42013 48282,0,1
DA,42014 48283,0,1
DA,42041 48012,0,1
DA,42042 48060,0,1
DA,42080 42600,0,1
DA,42080 44440,0,1
DA,42195 43211,0,1
DA,42195 48006,0,1
DA,42195 48039,0,1
DA,42230 42260,0,1
DA,42271 48012,0,1
DA,42272 48060,0,1
DA,42291 48122,0,1
DA,42292 48123,0,1
DA,42311 48069,0,1
DA,42312 48068,0,1
DA,42340 42982,0,1
DA,42340 43000,0,1
DA,42540 42541,0,1
DA,42540 42542,0,1
DA,42540 43212,0,1
DA,42540 905095,0,1
DA,42541 42645,0,1
DA,42541 905095,0,1
DA,42542 43440,0,1
DA,42542 905095,0,1
DA,42561 48095,0,1
DA,42562 48096,0,1
DA,42581 48103,0,1
DA,42582 43371,0,1
DA,42582 48098,0,1
DA,42582 48100,0,1
DA,42583 48099,0,1
DA,42600 43510,0,1
DA,42600 48423,0,1
DA,42611 48108,0,1
DA,42645 43315,0,1
DA,42645 44205,0,1
DA,42651 43505,0,1
DA,42652 48112,0,1
DA,42670 43201,0,1
DA,42670 43202,0,1
DA,42670 43400,0,1
DA,42670 43500,0,1
DA,42690 47160,0,1
DA,42690 47522,0,1
DA,42711 48122,0,1
DA,42712 48123,0,1
DA,42741 48127,0,1
DA,42742 48126,0,1
DA,42761 48249,0,1
DA,42762 48250,0,1
DA,42841 48194,0,1
DA,42842 48195,0,1
DA,42860 43355,0,1
DA,42860 43401,0,1
DA,42921 48249,0,1
DA,42922 48250,0,1
DA,42950 42951,0,1
DA,42950 43405,0,1
DA,42951 42952,0,1
DA,42951 42953,0,1
DA,42952 42953,0,1
DA,42953 43290,0,1
DA,42981 48257,0,1
DA,42982 43390,0,1
DA,42982 48312,0,1
DA,43 48,0,1
DA,43 57,0,1
DA,43 93,0,1
DA,43000 44070,0,1
DA,43011 48253,0,1
DA,43012 48254,0,1
DA,43051 48277,0,1
DA,43052 48278,0,1
DA,43081 48284,0,1
DA,43082 48285,0,1
DA,43101 48289,0,1
DA,43102 48288,0,1
DA,43120 48281,0,1
DA,43155 43362,0,1
DA,43155 43440,0,1
DA,43201 43202,0,1
DA,43211 43222,0,1
DA,43211 48334,0,1
DA,43212 43221,0,1
DA,43212 48333,0,1
DA,43261 48262,0,1
DA,43262 44361,0,1
DA,43271 48068,0,1
DA,43272 43371,0,1
DA,43290 43355,0,1
DA,43290 43520,0,1
DA,43290 43521,0,1
DA,43315 43360,0,1
DA,43321 48353,0,1
DA,43322 48354,0,1
DA,43335 111301,0,1
DA,43335 43337,0,1
DA,43335 900540,0,1
DA,43350 43390,0,1
DA,43355 48359,0,1
DA,43360 905210,0,1
DA,43362 905210,0,1
DA,43371 48101,0,1
DA,43372 48337,0,1
DA,43380 49134,0,1
DA,43390 49134,0,1
DA,43400 43401,0,1
DA,43400 43405,0,1
DA,43500 49178,0,1
DA,43501 48392,0,1
DA,43502 48393,0,1
DA,43503 48394,0,1
DA,43510 49178,0,1
DA,440 1905,0,1
DA,44010 44171,0,1
DA,44051 44141,0,1
DA,44052 44140,0,1
DA,44052 44780,0,1
DA,44052 48040,0,1
DA,44070 44290,0,1
DA,44070 48026,0,1
DA,44081 48037,0,1
DA,44082 48036,0,1
DA,441 1908,0,1
DA,44120 44621,0,1
DA,44120 44624,0,1
DA,44120 44801,0,1
DA,44120 44802,0,1
DA,44130 48050,0,1
DA,44131 48051,0,1
DA,44140 44141,0,1
DA,44140 44145,0,1
DA,44140 44512,0,1
DA,44141 44145,0,1
DA,44145 44511,0,1
DA,44171 44341,0,1
DA,44171 48167,0,1
DA,44180 44490,0,1
DA,44210 44211,0,1
DA,44210 44212,0,1
DA,44211 44622,0,1
DA,44212 44793,0,1
DA,44213 44215,0,1
DA,44213 44623,0,1
DA,44214 44215,0,1
DA,44214 44791,0,1
DA,44230 44422,0,1
DA,44280 49114,0,1
DA,44290 49114,0,1
DA,443 447,0,1
DA,44311 48159,0,1
DA,44342 48161,0,1
DA,44361 47150,0,1
DA,44361 48169,0,1
DA,44362 48170,0,1
DA,44390 49122,0,1
DA,44400 44440,0,1
DA,44400 47165,0,1
DA,44400 49122,0,1
DA,44422 45770,0,1
DA,44422 48203,0,1
DA,44461 44801,0,1
DA,44461 48246,0,1
DA,44462 44780,0,1
DA,44462 44802,0,1
DA,44462 48246,0,1
DA,44481 48237,0,1
DA,44482 48162,0,1
DA,44500 49164,0,1
DA,44500 49165,0,1
DA,44505 49162,0,1
DA,44505 49163,0,1
DA,44510 44511,0,1
DA,44510 44512,0,1
DA,44510 44515,0,1
DA,44510 49164,0,1
DA,44510 49165,0,1
DA,44511 48269,0,1
DA,44512 48270,0,1
DA,44515 49162,0,1
DA,44515 49163,0,1
DA,44541 48441,0,1
DA,44551 48302,0,1
DA,44552 48376,0,1
DA,44620 44621,0,1
DA,44620 44622,0,1
DA,44623 44625,0,1
DA,44624 44625,0,1
DA,44651 48335,0,1
DA,44652 48336,0,1
DA,44671 48351,0,1
DA,44672 48356,0,1
DA,44691 48302,0,1
DA,44692 48376,0,1
DA,44721 48364,0,1
DA,44722 48365,0,1
DA,44762 48420,0,1
DA,44790 44793,0,1
DA,44790 46611,0,1
DA,44791 44795,0,1
DA,44792 44795,0,1
DA,44792 46615,0,1
DA,44801 48397,0,1
DA,44802 48398,0,1
DA,44900 49185,0,1
DA,44900 49186,0,1
DA,44900 49187,0,1
DA,44910 45811,0,1
DA,44910 45812,0,1
DA,44910 49185,0,1
DA,44910 49186,0,1
DA,44910 49187,0,1
DA,45 3597,0,1
DA,45 46,0,1
DA,45511 48018,0,1
DA,45512 48406,0,1
DA,45610 46312,0,1
DA,45611 48002,0,1
DA,45675 45770,0,1
DA,45675 45880,0,1
DA,45681 48056,0,1
DA,45682 48057,0,1
DA,45711 48079,0,1
DA,45712 48078,0,1
DA,45781 48138,0,1
DA,45782 48139,0,1
DA,45801 48119,0,1
DA,45802 45811,0,1
DA,45802 46302,0,1
DA,45802 48118,0,1
DA,45811 48811,0,1
DA,45812 48812,0,1
DA,45821 48134,0,1
DA,45822 46031,0,1
DA,45822 46112,0,1
DA,45822 48135,0,1
DA,45861 48152,0,1
DA,45862 48153,0,1
DA,45880 45885,0,1
DA,45880 46560,0,1
DA,45885 46220,0,1
DA,45921 48390,0,1
DA,45922 48391,0,1
DA,45971 48204,0,1
DA,45972 48205,0,1
DA,46 86,0,1
DA,46001 46031,0,1
DA,46001 46332,0,1
DA,46001 48206,0,1
DA,46002 48207,0,1
DA,46020 49168,0,1
DA,46020 49169,0,1
DA,46031 48226,0,1
DA,46032 905418,0,1
DA,46051 48218,0,1
DA,46052 48219,0,1
DA,46110 46112,0,1
DA,46261 46270,0,1
DA,46261 46295,0,1
DA,46270 46295,0,1
DA,46281 48324,0,1
DA,46282 48323,0,1
DA,46290 49145,0,1
DA,46290 49152,0,1
DA,46295 46296,0,1
DA,46295 49145,0,1
DA,46295 49152,0,1
DA,46296 46510,0,1
DA,46302 46312,0,1
DA,46302 48327,0,1
DA,46311 48611,0,1
DA,46312 48612,0,1
DA,46331 905418,0,1
DA,46351 48349,0,1
DA,46352 48350,0,1
DA,46551 48390,0,1
DA,46552 48391,0,1
DA,46611 46615,0,1
DA,47010 47011,0,1
DA,47010 47013,0,1
DA,47010 905467,0,1
DA,47011 47441,0,1
DA,47011 905467,0,1
DA,47013 47381,0,1
DA,47015 47016,0,1
DA,47071 48088,0,1
DA,47072 48089,0,1
DA,47191 48146,0,1
DA,47192 48145,0,1
DA,47322 48363,0,1
DA,47331 48198,0,1
DA,47332 48199,0,1
DA,47411 48343,0,1
DA,47412 48340,0,1
DA,47442 48378,0,1
DA,47461 48417,0,1
DA,47462 48416,0,1
DA,47500 49111,0,1
DA,47500 49120,0,1
DA,47510 47641,0,1
DA,47510 49111,0,1
DA,47510 49120,0,1
DA,47521 48029,0,1
DA,47522 48030,0,1
DA,47550 48049,0,1
DA,47570 47571,0,1
DA,47571 47620,0,1
DA,47620 47630,0,1
DA,47630 49156,0,1
DA,47630 49166,0,1
DA,47640 47641,0,1
DA,47640 49156,0,1
DA,47640 49166,0,1
DA,47711 48265,0,1
DA,47712 48264,0,1
DA,47751 48381,0,1
DA,478 477,0,1
DA,478 484,0,1
DA,478 905548,0,1
DA,48 47,0,1
DA,48012 48061,0,1
DA,48013 48060,0,1
DA,48068 48274,0,1
DA,48071 48122,0,1
DA,48072 48123,0,1
DA,48179 48390,0,1
DA,48180 48391,0,1
DA,48225 905418,0,1
DA,48302 48303,0,1
DA,48303 905678,0,1
DA,48335 48336,0,1
DA,48375 48376,0,1
DA,48375 905678,0,1
DA,48412 905729,0,1
DA,48811 48812,0,1
DA,489 491,0,1
DA,49001 49100,0,1
DA,49002 49102,0,1
DA,49003 49125,0,1
DA,49004 49103,0,1
DA,49005 49106,0,1
DA,49006 49107,0,1
DA,49007 49105,0,1
DA,49008 49110,0,1
DA,49009 49109,0,1
DA,49011 49111,0,1
DA,49014 49114,0,1
DA,49015 49115,0,1
DA,49016 49116,0,1
DA,49017 49129,0,1
DA,49018 49119,0,1
DA,49019 49128,0,1
DA,49020 49120,0,1
DA,49022 49122,0,1
DA,49024 49124,0,1
DA,49026 49126,0,1
DA,49027 49127,0,1
DA,49030 49097,0,1
DA,49031 49164,0,1
DA,49034 49134,0,1
DA,49036 49136,0,1
DA,49037 49137,0,1
DA,49039 49071,0,1
DA,49039 49179,0,1
DA,49041 49144,0,1
DA,49042 49141,0,1
DA,49043 49143,0,1
DA,49045 49152,0,1
DA,49046 49131,0,1
DA,49047 49146,0,1
DA,49048 49148,0,1
DA,49049 49147,0,1
DA,49050 49150,0,1
DA,49051 49133,0,1
DA,49056 49156,0,1
DA,49058 49158,0,1
DA,49059 49145,0,1
DA,49060 49169,0,1
DA,49061 49161,0,1
DA,49062 49191,0,1
DA,49063 49165,0,1
DA,49064 49163,0,1
DA,49065 49162,0,1
DA,49066 49166,0,1
DA,49067 49167,0,1
DA,49068 49168,0,1
DA,49069 49196,0,1
DA,49070 49170,0,1
DA,49071 49181,0,1
DA,49075 49175,0,1
DA,49076 49176,0,1
DA,49077 49112,0,1
DA,49078 49113,0,1
DA,49082 49182,0,1
DA,49083 49183,0,1
DA,49084 49101,0,1
DA,49085 49185,0,1
DA,49087 49178,0,1
DA,49090 49186,0,1
DA,49091 49187,0,1
DA,498 1583,0,1
DA,5 7,0,1
DA,5 8,0,1
DA,5000 5001,0,1
DA,5000 5180,0,1
DA,5000 5368,0,1
DA,5002 5346,0,1
DA,5002 5423,0,1
DA,5003 5200,0,1
DA,5003 5488,0,1
DA,5005 5143,0,1
DA,501 526,0,1
DA,5020 5185,0,1
DA,5020 5187,0,1
DA,5020 5200,0,1
DA,5022 5195,0,1
DA,5022 5368,0,1
DA,5040 5170,0,1
DA,5050 5285,0,1
DA,5051 5180,0,1
DA,5051 5415,0,1
DA,5053 5346,0,1
DA,5055 5467,0,1
DA,5057 5061,0,1
DA,5059 5063,0,1
DA,506 1587,0,1
DA,506 501,0,1
DA,506 902873,0,1
DA,5060 5064,0,1
DA,5075 5435,0,1
DA,5080 5130,0,1
DA,5080 5195,0,1
DA,5080 5455,0,1
DA,5085 51900,0,1
DA,5090 5325,0,1
DA,5090 5368,0,1
DA,5093 5180,0,1
DA,5093 5415,0,1
DA,5095 5420,0,1
DA,511 532,0,1
DA,5125 5210,0,1
DA,5125 5452,0,1
DA,5130 5285,0,1
DA,5130 5370,0,1
DA,5140 5210,0,1
DA,5140 5369,0,1
DA,5147 5332,0,1
DA,515 1585,0,1
DA,515 518,0,1
DA,5160 5250,0,1
DA,5160 905954,0,1
DA,5175 5410,0,1
DA,5175 5420,0,1
DA,518 519,0,1
DA,5180 5445,0,1
DA,5185 5200,0,1
DA,5185 5467,0,1
DA,5187 5300,0,1
DA,519 785,0,1
DA,5195 5208,0,1
DA,520 901811,0,1
DA,5200 5461,0,1
DA,5200 5462,0,1
DA,5208 5209,0,1
DA,5208 5220,0,1
DA,5208 5450,0,1
DA,5209 5210,0,1
DA,5209 5257,0,1
DA,5210 5206,0,1
DA,5210 5331,0,1
DA,5210 5415,0,1
DA,5210 5461,0,1
DA,5211 5206,0,1
DA,5212 5206,0,1
DA,5213 5207,0,1
DA,5214 5216,0,1
DA,5215 5217,0,1
DA,5220 5368,0,1
DA,5250 5410,0,1
DA,5257 5462,0,1
DA,53 57,0,1
DA,5300 5450,0,1
DA,5300 5455,0,1
DA,531 533,0,1
DA,5331 5415,0,1
DA,5360 5435,0,1
DA,5360 7461,0,1
DA,5368 5369,0,1
DA,5369 5370,0,1
DA,537 541,0,1
DA,537 545,0,1
DA,5370 5445,0,1
DA,5373 5365,0,1
DA,5374 5366,0,1
DA,5375 5367,0,1
DA,5390 5718,0,1
DA,5412 5418,0,1
DA,5418 7615,0,1
DA,5419 5423,0,1
DA,5419 5490,0,1
DA,5420 905954,0,1
DA,5445 7461,0,1
DA,545 548,0,1
DA,5450 5451,0,1
DA,5451 5453,0,1
DA,5452 5453,0,1
DA,5455 5456,0,1
DA,5460 5461,0,1
DA,5460 5462,0,1
DA,5467 5488,0,1
DA,548 573,0,1
DA,5510 7240,0,1
DA,5518 5520,0,1
DA,5525 5526,0,1
DA,5530 5534,0,1
DA,5535 5538,0,1
DA,5536 5538,0,1
DA,5536 78103,0,1
DA,5536 78106,0,1
DA,5537 78534,0,1
DA,5538 5543,0,1
DA,5540 5543,0,1
DA,5540 5544,0,1
DA,5544 5546,0,1
DA,5544 5548,0,1
DA,5548 5550,0,1
DA,555 556,0,1
DA,555 648,0,1
DA,5550 5553,0,1
DA,5551 5552,0,1
DA,5551 5553,0,1
DA,5551 5555,0,1
DA,5554 5555,0,1
DA,5554 5556,0,1
DA,5554 8984,0,1
DA,5556 5558,0,1
DA,5556 5560,0,1
DA,556 661,0,1
DA,5560 5564,0,1
DA,5560 5569,0,1
DA,5562 8111,0,1
DA,5564 5566,0,1
DA,5566 5568,0,1
DA,5568 43221,0,1
DA,5569 5570,0,1
DA,5570 5571,0,1
DA,5571 5573,0,1
DA,5571 904191,0,1
DA,5573 5574,0,1
DA,5574 5576,0,1
DA,5574 5580,0,1
DA,5579 5580,0,1
DA,5580 5582,0,1
DA,559 12033,0,1
DA,559 12034,0,1
DA,5592 5596,0,1
DA,5596 5598,0,1
DA,5598 80135,0,1
DA,5602 5603,0,1
DA,5605 5608,0,1
DA,5608 5610,0,1
DA,5610 5614,0,1
DA,5614 5616,0,1
DA,5616 5618,0,1
DA,5618 5620,0,1
DA,5620 5622,0,1
DA,5620 5626,0,1
DA,5626 5632,0,1
DA,5626 5634,0,1
DA,5626 8888,0,1
DA,5630 5632,0,1
DA,5630 8884,0,1
DA,5634 5636,0,1
DA,5636 5638,0,1
DA,5636 5640,0,1
DA,564 2075,0,1
DA,564 2077,0,1
DA,5640 5645,0,1
DA,5640 5652,0,1
DA,5642 8060,0,1
DA,5643 8060,0,1
DA,5645 5646,0,1
DA,5646 5650,0,1
DA,565 1856,0,1
DA,565 906196,0,1
DA,5650 5648,0,1
DA,5652 5653,0,1
DA,5653 5654,0,1
DA,5654 5658,0,1
DA,5654 907179,0,1
DA,5658 5660,0,1
DA,5658 5662,0,1
DA,566 2035,0,1
DA,566 2037,0,1
DA,5662 8166,0,1
DA,5666 8166,0,1
DA,5666 8407,0,1
DA,5668 5684,0,1
DA,5683 5685,0,1
DA,5683 5690,0,1
DA,5684 5685,0,1
DA,5685 5686,0,1
DA,5686 5688,0,1
DA,5686 5695,0,1
DA,5690 5691,0,1
DA,5692 5702,0,1
DA,5692 5708,0,1
DA,5692 906225,0,1
DA,5693 5698,0,1
DA,5693 5702,0,1
DA,5693 906225,0,1
DA,5695 5696,0,1
DA,5696 5697,0,1
DA,5696 5698,0,1
DA,5697 5699,0,1
DA,5702 5704,0,1
DA,5708 5852,0,1
DA,5710 5712,0,1
DA,5710 5714,0,1
DA,5710 5893,0,1
DA,5712 5713,0,1
DA,5713 5718,0,1
DA,5714 5715,0,1
DA,5715 5716,0,1
DA,5715 5717,0,1
DA,5717 5902,0,1
DA,573 576,0,1
DA,5735 8552,0,1
DA,5736 8169,0,1
DA,5736 8587,0,1
DA,5744 906311,0,1
DA,5745 80309,0,1
DA,5753 5759,0,1
DA,5753 5792,0,1
DA,5755 5792,0,1
DA,5755 8354,0,1
DA,578 1568,0,1
DA,5782 5783,0,1
DA,5782 5786,0,1
DA,5782 8377,0,1
DA,5783 5785,0,1
DA,5792 85005,0,1
DA,580 10020,0,1
DA,5800 8909,0,1
DA,5801 8699,0,1
DA,5803 8397,0,1
DA,5806 8241,0,1
DA,5807 5808,0,1
DA,5807 5810,0,1
DA,5807 5821,0,1
DA,5810 5811,0,1
DA,5811 5813,0,1
DA,5811 5858,0,1
DA,5812 5817,0,1
DA,5812 8630,0,1
DA,5817 5818,0,1
DA,5817 5883,0,1
DA,5821 5819,0,1
DA,5821 906363,0,1
DA,5823 5824,0,1
DA,5828 8223,0,1
DA,5828 906346,0,1
DA,5832 5848,0,1
DA,5832 5893,0,1
DA,5848 5849,0,1
DA,5849 5851,0,1
DA,5849 5855,0,1
DA,5852 5893,0,1
DA,5855 5856,0,1
DA,5855 8243,0,1
DA,5857 906346,0,1
DA,5857 906363,0,1
DA,5858 906363,0,1
DA,5861 8212,0,1
DA,5863 5861,0,1
DA,5863 5876,0,1
DA,5863 8210,0,1
DA,5876 5878,0,1
DA,5876 8526,0,1
DA,5878 5880,0,1
DA,5880 5888,0,1
DA,5887 8297,0,1
DA,5888 5887,0,1
DA,5908 5905,0,1
DA,5909 5904,0,1
DA,5943 5944,0,1
DA,5943 5962,0,1
DA,5946 59460,0,1
DA,59904 906450,0,1
DA,6 32856,0,1
DA,6001 6450,0,1
DA,6001 6455,0,1
DA,6001 6456,0,1
DA,60035 60043,0,1
DA,60035 906461,0,1
DA,60041 60075,0,1
DA,60041 906461,0,1
DA,60043 60074,0,1
DA,6006 60999,0,1
DA,6006 6380,0,1
DA,6006 6381,0,1
DA,6006 6383,0,1
DA,6023 6024,0,1
DA,6024 6044,0,1
DA,6031 6033,0,1
DA,60353 60366,0,1
DA,60354 60355,0,1
DA,6036 60360,0,1
DA,6036 6525,0,1
DA,60360 60359,0,1
DA,60365 60367,0,1
DA,6037 6038,0,1
DA,60370 60371,0,1
DA,60371 60372,0,1
DA,60372 907120,0,1
DA,60374 60379,0,1
DA,60378 60380,0,1
DA,60388 60389,0,1
DA,6039 6040,0,1
DA,6039 6041,0,1
DA,6039 6140,0,1
DA,6041 6042,0,1
DA,6041 6044,0,1
DA,60410 6393,0,1
DA,60410 76390,0,1
DA,60417 60424,0,1
DA,60426 906752,0,1
DA,60426 906867,0,1
DA,6044 60351,0,1
DA,60501 60502,0,1
DA,60501 60503,0,1
DA,60502 60503,0,1
DA,6055 6058,0,1
DA,6055 6060,0,1
DA,6056 906604,0,1
DA,6058 6071,0,1
DA,6058 6079,0,1
DA,6061 6079,0,1
DA,6061 906604,0,1
DA,6063 6064,0,1
DA,6063 6079,0,1
DA,6064 6066,0,1
DA,6066 6098,0,1
DA,6070 6071,0,1
DA,6071 6072,0,1
DA,6072 6075,0,1
DA,6080 6084,0,1
DA,6086 6087,0,1
DA,61 65,0,1
DA,61011 61010,0,1
DA,6107 6125,0,1
DA,6107 6204,0,1
DA,6112 60382,0,1
DA,6115 60346,0,1
DA,6115 6120,0,1
DA,6122 6123,0,1
DA,6123 6124,0,1
DA,6124 6125,0,1
DA,6124 6126,0,1
DA,6147 6151,0,1
DA,6159 6171,0,1
DA,6165 6166,0,1
DA,6170 6174,0,1
DA,6170 906723,0,1
DA,6171 6172,0,1
DA,6171 906723,0,1
DA,6172 6173,0,1
DA,6173 6175,0,1
DA,6176 60430,0,1
DA,6176 6238,0,1
DA,6178 6210,0,1
DA,6178 6211,0,1
DA,6182 6184,0,1
DA,6192 6194,0,1
DA,6197 6198,0,1
DA,6202 6209,0,1
DA,6202 6213,0,1
DA,6202 69009,0,1
DA,6202 906752,0,1
DA,6204 6205,0,1
DA,6205 6206,0,1
DA,6206 6207,0,1
DA,6207 60398,0,1
DA,6208 6212,0,1
DA,6208 6213,0,1
DA,6208 6214,0,1
DA,6209 60426,0,1
DA,6209 6307,0,1
DA,6210 6214,0,1
DA,6211 6219,0,1
DA,6211 6220,0,1
DA,6213 60398,0,1
DA,6214 60398,0,1
DA,6215 6220,0,1
DA,6215 6221,0,1
DA,6215 6245,0,1
DA,6217 6220,0,1
DA,6218 6219,0,1
DA,6219 6243,0,1
DA,6221 6244,0,1
DA,6221 6276,0,1
DA,6224 6239,0,1
DA,6225 6253,0,1
DA,6236 6237,0,1
DA,6236 6388,0,1
DA,6237 906789,0,1
DA,6237 906805,0,1
DA,6238 6248,0,1
DA,6238 6249,0,1
DA,6238 6388,0,1
DA,6239 6240,0,1
DA,6239 6244,0,1
DA,6243 6388,0,1
DA,6243 906789,0,1
DA,6244 906837,0,1
DA,6246 6252,0,1
DA,6248 60430,0,1
DA,6249 60335,0,1
DA,6249 60430,0,1
DA,6249 6388,0,1
DA,6249 906805,0,1
DA,625 2556,0,1
DA,625 626,0,1
DA,6251 60405,0,1
DA,6253 6255,0,1
DA,6253 6266,0,1
DA,6253 6270,0,1
DA,6258 6260,0,1
DA,6258 6268,0,1
DA,6258 6272,0,1
DA,6258 6636,0,1
DA,626 2534,0,1
DA,6265 6266,0,1
DA,6265 906830,0,1
DA,6266 6267,0,1
DA,6267 6268,0,1
DA,6268 6273,0,1
DA,6269 6273,0,1
DA,6270 6271,0,1
DA,6270 6278,0,1
DA,6271 6272,0,1
DA,6272 6282,0,1
DA,6273 6274,0,1
DA,6274 906830,0,1
DA,6276 6275,0,1
DA,6276 6278,0,1
DA,6276 6281,0,1
DA,6277 6275,0,1
DA,6277 6282,0,1
DA,6278 906840,0,1
DA,628 2568,0,1
DA,628 903474,0,1
DA,6281 906837,0,1
DA,6282 6283,0,1
DA,6282 6301,0,1
DA,6282 906840,0,1
DA,6283 60394,0,1
DA,6283 6284,0,1
DA,6283 6286,0,1
DA,6284 6285,0,1
DA,6284 6636,0,1
DA,6285 60394,0,1
DA,629 2370,0,1
DA,629 2518,0,1
DA,629 33629,0,1
DA,6295 6294,0,1
DA,6300 6303,0,1
DA,6301 6302,0,1
DA,6302 6303,0,1
DA,6302 6305,0,1
DA,6303 6304,0,1
DA,6305 6306,0,1
DA,6306 6307,0,1
DA,6307 6312,0,1
DA,6307 906867,0,1
DA,631 1470,0,1
DA,6310 906871,0,1
DA,6312 6357,0,1
DA,6313 60336,0,1
DA,6315 60337,0,1
DA,632 636,0,1
DA,6324 6325,0,1
DA,6326 6327,0,1
DA,6326 6328,0,1
DA,6327 6636,0,1
DA,6328 6331,0,1
DA,6329 6345,0,1
DA,6330 60332,0,1
DA,6331 60332,0,1
DA,6333 60332,0,1
DA,6333 6334,0,1
DA,6334 6338,0,1
DA,6337 6341,0,1
DA,6338 6341,0,1
DA,6338 6369,0,1
DA,6338 6411,0,1
DA,634 635,0,1
DA,6341 6342,0,1
DA,6342 6343,0,1
DA,6342 6349,0,1
DA,6343 6344,0,1
DA,6344 6345,0,1
DA,6345 6346,0,1
DA,6346 6353,0,1
DA,6347 6348,0,1
DA,6350 6356,0,1
DA,6352 6353,0,1
DA,6352 6356,0,1
DA,6352 6408,0,1
DA,6353 6355,0,1
DA,6356 6357,0,1
DA,6357 6358,0,1
DA,6360 6361,0,1
DA,6360 6362,0,1
DA,6363 6368,0,1
DA,6363 6401,0,1
DA,6368 6396,0,1
DA,6369 6370,0,1
DA,6370 6371,0,1
DA,6370 906926,0,1
DA,6372 6376,0,1
DA,6372 6384,0,1
DA,6376 6377,0,1
DA,6376 906926,0,1
DA,6378 6379,0,1
DA,6379 6381,0,1
DA,6379 6406,0,1
DA,6380 6384,0,1
DA,6381 76400,0,1
DA,6384 6385,0,1
DA,6386 6406,0,1
DA,6387 6392,0,1
DA,6392 6393,0,1
DA,6392 907566,0,1
DA,6393 6406,0,1
DA,6393 76388,0,1
DA,6394 6407,0,1
DA,6395 6407,0,1
DA,6396 6397,0,1
DA,6397 6398,0,1
DA,6398 6403,0,1
DA,6398 6774,0,1
DA,6399 60091,0,1
DA,6400 60091,0,1
DA,6400 6401,0,1
DA,6401 6516,0,1
DA,6408 902071,0,1
DA,6409 6412,0,1
DA,6409 6413,0,1
DA,6409 6450,0,1
DA,6410 6411,0,1
DA,6410 6412,0,1
DA,6410 6418,0,1
DA,6414 6418,0,1
DA,6414 6419,0,1
DA,6416 6437,0,1
DA,6416 6468,0,1
DA,6417 6436,0,1
DA,6419 6420,0,1
DA,6420 6421,0,1
DA,6421 6422,0,1
DA,6421 6426,0,1
DA,6422 6423,0,1
DA,6423 6430,0,1
DA,6427 6428,0,1
DA,6428 6431,0,1
DA,6428 906992,0,1
DA,6429 6433,0,1
DA,6430 906992,0,1
DA,6437 907000,0,1
DA,6438 907000,0,1
DA,6445 6446,0,1
DA,6450 61011,0,1
DA,6450 6457,0,1
DA,6450 6468,0,1
DA,6450 6477,0,1
DA,6450 6527,0,1
DA,6452 61010,0,1
DA,6453 6454,0,1
DA,6455 6478,0,1
DA,6456 907033,0,1
DA,6457 6462,0,1
DA,6458 60399,0,1
DA,6459 60380,0,1
DA,6459 6465,0,1
DA,6460 6461,0,1
DA,6462 60380,0,1
DA,6462 6464,0,1
DA,6462 6466,0,1
DA,6465 907000,0,1
DA,6466 6467,0,1
DA,6466 6468,0,1
DA,6467 907033,0,1
DA,6468 6470,0,1
DA,6468 6471,0,1
DA,6471 6478,0,1
DA,6477 6528,0,1
DA,6478 6480,0,1
DA,648 658,0,1
DA,6484 6488,0,1
DA,6491 6494,0,1
DA,6494 6497,0,1
DA,6494 6498,0,1
DA,6495 6496,0,1
DA,6495 907053,0,1
DA,6496 6497,0,1
DA,65 110,0,1
DA,65 69,0,1
DA,65 73,0,1
DA,6503 6509,0,1
DA,6505 6506,0,1
DA,6506 6507,0,1
DA,6507 6508,0,1
DA,651 10010,0,1
DA,651 2368,0,1
DA,6511 6513,0,1
DA,6511 6552,0,1
DA,6513 6570,0,1
DA,6524 6526,0,1
DA,6526 60359,0,1
DA,6526 6529,0,1
DA,6527 907053,0,1
DA,6528 6529,0,1
DA,653 2567,0,1
DA,653 655,0,1
DA,6530 6532,0,1
DA,6530 6533,0,1
DA,6532 60359,0,1
DA,6532 6537,0,1
DA,6533 6534,0,1
DA,6533 6535,0,1
DA,6533 6543,0,1
DA,6534 6535,0,1
DA,6534 6546,0,1
DA,6539 60396,0,1
DA,6541 6542,0,1
DA,6541 907134,0,1
DA,6542 6544,0,1
DA,6543 6544,0,1
DA,6543 6554,0,1
DA,6544 60396,0,1
DA,6545 60396,0,1
DA,6545 907095,0,1
DA,6546 6547,0,1
DA,6546 6553,0,1
DA,6547 6548,0,1
DA,6548 6549,0,1
DA,6548 907095,0,1
DA,6549 6560,0,1
DA,655 2566,0,1
DA,6550 6552,0,1
DA,6550 6560,0,1
DA,6550 6562,0,1
DA,6551 6560,0,1
DA,6551 6567,0,1
DA,6556 60370,0,1
DA,6559 60352,0,1
DA,6565 6564,0,1
DA,6565 907114,0,1
DA,6567 907114,0,1
DA,657 2023,0,1
DA,6570 8239,0,1
DA,6572 60371,0,1
DA,6575 6579,0,1
DA,6575 907120,0,1
DA,6577 6578,0,1
DA,6577 6579,0,1
DA,6578 76579,0,1
DA,6579 6582,0,1
DA,658 2024,0,1
DA,6580 60370,0,1
DA,6583 76583,0,1
DA,6585 60372,0,1
DA,6587 6594,0,1
DA,6588 6590,0,1
DA,6589 6591,0,1
DA,6589 907134,0,1
DA,659 12680,0,1
DA,659 903418,0,1
DA,6590 6592,0,1
DA,6590 6599,0,1
DA,6591 6592,0,1
DA,6594 6598,0,1
DA,6594 6599,0,1
DA,6597 6599,0,1
DA,6600 60428,0,1
DA,6600 60429,0,1
DA,6600 6605,0,1
DA,6600 6606,0,1
DA,6600 6609,0,1
DA,6604 6609,0,1
DA,6604 6614,0,1
DA,6604 907150,0,1
DA,6606 60429,0,1
DA,6606 907154,0,1
DA,6607 6613,0,1
DA,6607 907150,0,1
DA,6609 60428,0,1
DA,6609 6613,0,1
DA,661 1852,0,1
DA,6610 6611,0,1
DA,6610 907154,0,1
DA,6611 6614,0,1
DA,6613 60998,0,1
DA,662 33662,0,1
DA,6636 60394,0,1
DA,6636 6260,0,1
DA,6639 76032,0,1
DA,6640 76600,0,1
DA,6648 60356,0,1
DA,6649 6650,0,1
DA,6649 6654,0,1
DA,665 1983,0,1
DA,6650 6651,0,1
DA,6650 6652,0,1
DA,6652 907193,0,1
DA,6653 6654,0,1
DA,6653 907193,0,1
DA,6656 38370,0,1
DA,6657 38376,0,1
DA,6663 76663,0,1
DA,6665 76668,0,1
DA,667 1983,0,1
DA,6673 38300,0,1
DA,6675 907223,0,1
DA,6676 6691,0,1
DA,6677 6678,0,1
DA,6677 6692,0,1
DA,6691 6692,0,1
DA,6701 6727,0,1
DA,6727 907254,0,1
DA,6730 6747,0,1
DA,6735 6736,0,1
DA,6741 13253,0,1
DA,6769 6768,0,1
DA,6774 60091,0,1
DA,6774 7355,0,1
DA,6780 6095,0,1
DA,6787 6234,0,1
DA,6788 6233,0,1
DA,679 11857,0,1
DA,679 1857,0,1
DA,68001 68004,0,1
DA,68001 68008,0,1
DA,68002 68004,0,1
DA,68002 907284,0,1
DA,68003 68004,0,1
DA,68007 68008,0,1
DA,6801 6894,0,1
DA,6801 6902,0,1
DA,6806 6810,0,1
DA,6820 11704,0,1
DA,6821 6902,0,1
DA,6821 6904,0,1
DA,6823 6871,0,1
DA,6831 12469,0,1
DA,6834 17011,0,1
DA,6834 6835,0,1
DA,6846 11806,0,1
DA,6858 6904,0,1
DA,6861 6869,0,1
DA,6868 11797,0,1
DA,6869 6871,0,1
DA,6871 37361,0,1
DA,6882 6884,0,1
DA,6882 6886,0,1
DA,6886 6888,0,1
DA,6890 12468,0,1
DA,6896 6906,0,1
DA,6896 6908,0,1
DA,69 131,0,1
DA,6917 6918,0,1
DA,6933 16934,0,1
DA,6935 6937,0,1
DA,705 706,0,1
DA,705 707,0,1
DA,705 907449,0,1
DA,706 726,0,1
DA,7074 7075,0,1
DA,7074 77074,0,1
DA,7075 7076,0,1
DA,7101 7406,0,1
DA,7104 77110,0,1
DA,7107 7516,0,1
DA,7107 77110,0,1
DA,7110 77110,0,1
DA,71210 79624,0,1
DA,7122 7124,0,1
DA,7130 7132,0,1
DA,7130 7412,0,1
DA,7130 907566,0,1
DA,7132 7133,0,1
DA,7138 7140,0,1
DA,7138 7146,0,1
DA,7138 7162,0,1
DA,7140 7141,0,1
DA,7141 7142,0,1
DA,7141 7143,0,1
DA,7142 7144,0,1
DA,7143 7442,0,1
DA,7144 7442,0,1
DA,7146 7442,0,1
DA,7151 7437,0,1
DA,7155 7156,0,1
DA,7155 7158,0,1
DA,7156 7158,0,1
DA,7158 7160,0,1
DA,7160 7162,0,1
DA,7174 7454,0,1
DA,7178 7460,0,1
DA,7180 7222,0,1
DA,7182 7186,0,1
DA,7186 7190,0,1
DA,7190 7193,0,1
DA,7191 7192,0,1
DA,7191 7196,0,1
DA,7192 7193,0,1
DA,7194 7195,0,1
DA,7194 7196,0,1
DA,7195 7215,0,1
DA,7197 7198,0,1
DA,7197 900998,0,1
DA,7206 7215,0,1
DA,7209 9198,0,1
DA,7215 7216,0,1
DA,7215 7218,0,1
DA,7218 7220,0,1
DA,7220 7223,0,1
DA,7221 7225,0,1
DA,7221 7226,0,1
DA,7221 7612,0,1
DA,7222 7224,0,1
DA,7223 7224,0,1
DA,7223 7230,0,1
DA,7223 78577,0,1
DA,7223 78579,0,1
DA,7225 7598,0,1
DA,7226 7228,0,1
DA,7228 7229,0,1
DA,7228 7595,0,1
DA,7228 7598,0,1
DA,7228 7604,0,1
DA,7229 7601,0,1
DA,7230 7231,0,1
DA,7231 7232,0,1
DA,7232 7247,0,1
DA,7233 78582,0,1
DA,724 6148,0,1
DA,724 737,0,1
DA,724 747,0,1
DA,7241 88153,0,1
DA,7248 7247,0,1
DA,725 1722,0,1
DA,725 727,0,1
DA,725 735,0,1
DA,7257 7258,0,1
DA,7257 7654,0,1
DA,726 735,0,1
DA,726 738,0,1
DA,7269 7270,0,1
DA,7269 7654,0,1
DA,7269 7660,0,1
DA,7270 7272,0,1
DA,7272 7574,0,1
DA,7272 7668,0,1
DA,7278 7280,0,1
DA,7286 7289,0,1
DA,7286 7296,0,1
DA,7288 9288,0,1
DA,7288 9289,0,1
DA,7289 7292,0,1
DA,7289 7564,0,1
DA,7289 7577,0,1
DA,7291 7292,0,1
DA,7291 7294,0,1
DA,7294 7570,0,1
DA,7294 7574,0,1
DA,7296 7577,0,1
DA,73 77,0,1
DA,73 81,0,1
DA,7315 7314,0,1
DA,7315 7558,0,1
DA,733 6131,0,1
DA,7334 7335,0,1
DA,734 60381,0,1
DA,7343 7347,0,1
DA,7343 7366,0,1
DA,7345 7346,0,1
DA,7346 7347,0,1
DA,7346 7528,0,1
DA,7349 9235,0,1
DA,7349 9236,0,1
DA,738 742,0,1
DA,738 744,0,1
DA,7387 71097,0,1
DA,7395 76391,0,1
DA,7395 900602,0,1
DA,740 6028,0,1
DA,740 6031,0,1
DA,7408 7410,0,1
DA,7410 7412,0,1
DA,7412 900674,0,1
DA,7413 7414,0,1
DA,7413 7415,0,1
DA,7413 900674,0,1
DA,7415 7149,0,1
DA,7418 7419,0,1
DA,7426 7428,0,1
DA,7426 8633,0,1
DA,7428 7440,0,1
DA,7430 7439,0,1
DA,7437 7441,0,1
DA,7438 7441,0,1
DA,7439 7438,0,1
DA,7439 7440,0,1
DA,745 753,0,1
DA,745 774,0,1
DA,7457 7458,0,1
DA,7457 7459,0,1
DA,7458 7459,0,1
DA,7460 7609,0,1
DA,748 6152,0,1
DA,7480 7148,0,1
DA,7480 7482,0,1
DA,7480 7514,0,1
DA,7482 900880,0,1
DA,7484 7493,0,1
DA,7484 900880,0,1
DA,7496 7545,0,1
DA,7499 7498,0,1
DA,7499 7508,0,1
DA,750 746,0,1
DA,750 754,0,1
DA,750 900975,0,1
DA,750 902309,0,1
DA,7505 9278,0,1
DA,7505 9281,0,1
DA,7505 9282,0,1
DA,7507 7509,0,1
DA,7508 900998,0,1
DA,751 6143,0,1
DA,7514 7516,0,1
DA,752 6198,0,1
DA,7528 7532,0,1
DA,753 755,0,1
DA,7532 77532,0,1
DA,7535 9161,0,1
DA,7535 9162,0,1
DA,754 756,0,1
DA,7545 7546,0,1
DA,755 6156,0,1
DA,756 758,0,1
DA,7564 7565,0,1
DA,7565 7572,0,1
DA,7570 7572,0,1
DA,7585 7246,0,1
DA,7585 7586,0,1
DA,7586 7588,0,1
DA,7587 7237,0,1
DA,7587 7590,0,1
DA,7587 901752,0,1
DA,7588 901752,0,1
DA,7590 7591,0,1
DA,7591 901839,0,1
DA,7592 7626,0,1
DA,7592 901838,0,1
DA,7592 901839,0,1
DA,7594 7596,0,1
DA,7594 901838,0,1
DA,7595 7621,0,1
DA,7596 7597,0,1
DA,7597 7595,0,1
DA,7597 78195,0,1
DA,7601 7602,0,1
DA,76013 6556,0,1
DA,7602 7604,0,1
DA,7606 7608,0,1
DA,7606 7609,0,1
DA,7606 7612,0,1
DA,7612 7613,0,1
DA,7613 7615,0,1
DA,7614 7616,0,1
DA,7614 7619,0,1
DA,7616 7617,0,1
DA,7617 7621,0,1
DA,7617 902106,0,1
DA,7618 7620,0,1
DA,7618 7622,0,1
DA,7618 902106,0,1
DA,7619 7613,0,1
DA,762 766,0,1
DA,7622 7625,0,1
DA,7624 7625,0,1
DA,7625 7626,0,1
DA,7626 7245,0,1
DA,763 6115,0,1
DA,76388 76390,0,1
DA,76389 7395,0,1
DA,76389 900602,0,1
DA,764 60391,0,1
DA,765 60346,0,1
DA,765 774,0,1
DA,7660 7662,0,1
DA,7660 7664,0,1
DA,7664 902177,0,1
DA,7666 902177,0,1
DA,76668 76669,0,1
DA,7668 7666,0,1
DA,769 771,0,1
DA,76998 776998,0,1
DA,76999 776999,0,1
DA,770 1478,0,1
DA,77075 77816,0,1
DA,77150 77800,0,1
DA,77152 77153,0,1
DA,77154 77801,0,1
DA,77180 777182,0,1
DA,77280 77156,0,1
DA,77281 77155,0,1
DA,773 1474,0,1
DA,77341 777340,0,1
DA,77341 902373,0,1
DA,775 1452,0,1
DA,77680 77682,0,1
DA,77683 77681,0,1
DA,780 781,0,1
DA,78105 78528,0,1
DA,78105 78543,0,1
DA,78106 78520,0,1
DA,78106 78526,0,1
DA,78106 78530,0,1
DA,78107 7258,0,1
DA,78107 78111,0,1
DA,78111 78520,0,1
DA,78190 7244,0,1
DA,78190 78577,0,1
DA,78195 78579,0,1
DA,782 783,0,1
DA,7822 77178,0,1
DA,78220 78221,0,1
DA,7832 777180,0,1
DA,7834 777181,0,1
DA,7838 777290,0,1
DA,7838 902550,0,1
DA,78524 78526,0,1
DA,78524 78528,0,1
DA,7853 77815,0,1
DA,78530 78532,0,1
DA,78530 78924,0,1
DA,78532 78534,0,1
DA,78538 78539,0,1
DA,78539 78542,0,1
DA,78542 78543,0,1
DA,79000 902822,0,1
DA,79000 902823,0,1
DA,795 796,0,1
DA,79500 79524,0,1
DA,79503 79525,0,1
DA,79503 902927,0,1
DA,79507 79508,0,1
DA,79520 79524,0,1
DA,79521 79525,0,1
DA,79522 79524,0,1
DA,79523 79525,0,1
DA,79552 79553,0,1
DA,79555 79612,0,1
DA,79611 79612,0,1
DA,79611 79624,0,1
DA,800 802,0,1
DA,800 806,0,1
DA,800 825,0,1
DA,80012 80021,0,1
DA,80013 80165,0,1
DA,80020 80040,0,1
DA,80136 81680,0,1
DA,80148 80157,0,1
DA,80155 80003,0,1
DA,80165 80014,0,1
DA,80168 160000,0,1
DA,80169 160000,0,1
DA,80169 80170,0,1
DA,80170 80014,0,1
DA,80222 80221,0,1
DA,803 815,0,1
DA,803 829,0,1
DA,8031 8888,0,1
DA,8031 8889,0,1
DA,804 822,0,1
DA,804 852,0,1
DA,80469 80475,0,1
DA,80470 80475,0,1
DA,80470 80476,0,1
DA,80478 80479,0,1
DA,80478 80480,0,1
DA,80481 89631,0,1
DA,805 808,0,1
DA,805 823,0,1
DA,805 836,0,1
DA,806 815,0,1
DA,80646 161104,0,1
DA,807 822,0,1
DA,808 830,0,1
DA,809 832,0,1
DA,809 853,0,1
DA,81 185,0,1
DA,810 824,0,1
DA,810 834,0,1
DA,8100 78538,0,1
DA,8100 8102,0,1
DA,8100 8556,0,1
DA,8107 8199,0,1
DA,8107 8407,0,1
DA,811 6891,0,1
DA,811 6892,0,1
DA,8119 8121,0,1
DA,8119 8131,0,1
DA,8119 8550,0,1
DA,8119 8552,0,1
DA,812 79510,0,1
DA,813 824,0,1
DA,8131 904191,0,1
DA,814 826,0,1
DA,814 849,0,1
DA,8140 110302,0,1
DA,8140 110303,0,1
DA,8149 80135,0,1
DA,815 820,0,1
DA,8160 8163,0,1
DA,8169 8177,0,1
DA,8169 8178,0,1
DA,8169 8591,0,1
DA,8169 88179,0,1
DA,817 2740,0,1
DA,817 819,0,1
DA,8177 8178,0,1
DA,8177 8182,0,1
DA,8180 88179,0,1
DA,8181 8165,0,1
DA,8182 88179,0,1
DA,8184 8186,0,1
DA,8184 8188,0,1
DA,8188 8593,0,1
DA,819 831,0,1
DA,8198 8199,0,1
DA,8198 8584,0,1
DA,8198 8592,0,1
DA,8198 8904,0,1
DA,8199 8400,0,1
DA,8200 8207,0,1
DA,8200 8600,0,1
DA,8200 8607,0,1
DA,8206 8208,0,1
DA,8206 8607,0,1
DA,8207 8203,0,1
DA,8208 8210,0,1
DA,8208 8216,0,1
DA,8210 8212,0,1
DA,8216 8218,0,1
DA,8217 8240,0,1
DA,8218 8221,0,1
DA,8218 8223,0,1
DA,822 853,0,1
DA,8222 8240,0,1
DA,8224 8235,0,1
DA,8224 8238,0,1
DA,823 849,0,1
DA,8230 8231,0,1
DA,8230 8633,0,1
DA,8231 8628,0,1
DA,8231 8672,0,1
DA,8235 8664,0,1
DA,8237 8238,0,1
DA,8238 78238,0,1
DA,8238 8239,0,1
DA,8238 8365,0,1
DA,824 849,0,1
DA,8242 8243,0,1
DA,8242 8244,0,1
DA,8243 8672,0,1
DA,8244 8280,0,1
DA,825 826,0,1
DA,8255 80478,0,1
DA,8255 80479,0,1
DA,8255 80480,0,1
DA,8255 8257,0,1
DA,8261 72193,0,1
DA,8274 8694,0,1
DA,828 12683,0,1
DA,828 901008,0,1
DA,8280 8283,0,1
DA,8290 8291,0,1
DA,8290 8292,0,1
DA,8290 8642,0,1
DA,8293 80021,0,1
DA,8293 8291,0,1
DA,8293 8292,0,1
DA,8293 8635,0,1
DA,8293 8637,0,1
DA,8293 904882,0,1
DA,8298 8291,0,1
DA,8298 8303,0,1
DA,830 834,0,1
DA,830 848,0,1
DA,8303 8292,0,1
DA,832 834,0,1
DA,8328 8315,0,1
DA,8335 8338,0,1
DA,8335 907262,0,1
DA,8336 8324,0,1
DA,8338 8744,0,1
DA,8339 80155,0,1
DA,8341 8381,0,1
DA,836 848,0,1
DA,8365 8633,0,1
DA,8377 8380,0,1
DA,8377 8532,0,1
DA,8397 8799,0,1
DA,8400 8406,0,1
DA,8400 8543,0,1
DA,8403 8404,0,1
DA,8405 8413,0,1
DA,8405 8904,0,1
DA,8406 8600,0,1
DA,8407 8424,0,1
DA,8408 8424,0,1
DA,8408 8866,0,1
DA,8409 8410,0,1
DA,8409 8591,0,1
DA,8410 8800,0,1
DA,8410 8802,0,1
DA,8413 8810,0,1
DA,8413 8812,0,1
DA,8416 8418,0,1
DA,8416 8421,0,1
DA,8416 8805,0,1
DA,8416 8960,0,1
DA,8421 8427,0,1
DA,8425 8808,0,1
DA,8427 8435,0,1
DA,8430 8434,0,1
DA,8431 8432,0,1
DA,8431 8841,0,1
DA,8432 8434,0,1
DA,8432 8839,0,1
DA,8434 8437,0,1
DA,8435 8442,0,1
DA,8436 8442,0,1
DA,8436 8847,0,1
DA,8448 8865,0,1
DA,8448 8866,0,1
DA,8448 8884,0,1
DA,8456 8871,0,1
DA,8459 88459,0,1
DA,8459 88462,0,1
DA,8468 8871,0,1
DA,848 852,0,1
DA,8487 8490,0,1
DA,8487 8560,0,1
DA,8487 8562,0,1
DA,8494 8495,0,1
DA,8494 8561,0,1
DA,8498 8512,0,1
DA,8499 8449,0,1
DA,85 89,0,1
DA,85 93,0,1
DA,85 99,0,1
DA,8500 8597,0,1
DA,8500 8878,0,1
DA,8500 8890,0,1
DA,85001 85007,0,1
DA,8502 8450,0,1
DA,8505 80222,0,1
DA,8505 8890,0,1
DA,8505 8891,0,1
DA,8508 8510,0,1
DA,8508 88508,0,1
DA,8508 8894,0,1
DA,8512 8514,0,1
DA,8523 78524,0,1
DA,8527 78526,0,1
DA,8529 78528,0,1
DA,853 854,0,1
DA,8531 78924,0,1
DA,8532 8380,0,1
DA,8533 78532,0,1
DA,8537 78534,0,1
DA,854 830,0,1
DA,8541 78539,0,1
DA,8543 8403,0,1
DA,8546 8547,0,1
DA,8546 8549,0,1
DA,8546 8984,0,1
DA,855 2705,0,1
DA,8550 8984,0,1
DA,8552 8556,0,1
DA,8556 8557,0,1
DA,8558 8559,0,1
DA,8559 8563,0,1
DA,8560 8856,0,1
DA,8561 8490,0,1
DA,8561 8562,0,1
DA,8565 8566,0,1
DA,8565 8568,0,1
DA,8565 8569,0,1
DA,8565 8575,0,1
DA,8568 8575,0,1
DA,8578 78577,0,1
DA,8583 78581,0,1
DA,8584 8586,0,1
DA,8584 906579,0,1
DA,8585 8904,0,1
DA,8585 906579,0,1
DA,8586 8587,0,1
DA,8592 8593,0,1
DA,8597 8889,0,1
DA,8599 8600,0,1
DA,86 3599,0,1
DA,8628 8630,0,1
DA,8635 80020,0,1
DA,8637 80040,0,1
DA,8744 8917,0,1
DA,8802 8803,0,1
DA,8802 8804,0,1
DA,8804 8805,0,1
DA,8810 8867,0,1
DA,8812 8814,0,1
DA,8814 8815,0,1
DA,8814 8960,0,1
DA,88198 8198,0,1
DA,8839 8841,0,1
DA,8847 8856,0,1
DA,8862 8864,0,1
DA,8862 8865,0,1
DA,8864 8866,0,1
DA,8865 8867,0,1
DA,8878 8894,0,1
DA,8884 8886,0,1
DA,8890 907179,0,1
DA,8917 907262,0,1
DA,8921 88921,0,1
DA,8960 8961,0,1
DA,8978 8979,0,1
DA,8980 160174,0,1
DA,8980 160175,0,1
DA,8980 160176,0,1
DA,9 25,0,1
DA,900540 111302,0,1
DA,900609 19750,0,1
DA,900937 903349,0,1
DA,900975 746,0,1
DA,901746 901749,0,1
DA,902156 170091,0,1
DA,902373 777341,0,1
DA,902550 777289,0,1
DA,902669 24008,0,1
DA,902680 902684,0,1
DA,902912 902914,0,1
DA,902951 902953,0,1
DA,903077 903086,0,1
DA,903078 903086,0,1
DA,903079 903085,0,1
DA,903080 903085,0,1
DA,903080 903086,0,1
DA,903296 903307,0,1
DA,903360 903370,0,1
DA,903406 903409,0,1
DA,904290 24080,0,1
DA,904403 356,0,1
DA,904554 37260,0,1
DA,905548 477,0,1
DA,905954 905983,0,1
DA,907284 68008,0,1
DA,907449 707,0,1
DA,9078 9398,0,1
DA,9080 9077,0,1
DA,9080 9225,0,1
DA,9081 9399,0,1
DA,91 3410,0,1
DA,9118 9119,0,1
DA,9119 9166,0,1
DA,9119 9257,0,1
DA,9122 9125,0,1
DA,9125 9214,0,1
DA,9128 9395,0,1
DA,9129 9227,0,1
DA,9129 9395,0,1
DA,9130 9395,0,1
DA,9158 9285,0,1
DA,9166 9204,0,1
DA,9169 9247,0,1
DA,9169 9267,0,1
DA,92 185,0,1
DA,92 91,0,1
DA,92 99,0,1
DA,9202 9295,0,1
DA,9204 9214,0,1
DA,9213 9214,0,1
DA,9213 9244,0,1
DA,9213 9257,0,1
DA,9225 9227,0,1
DA,9227 9269,0,1
DA,924 59000,0,1
DA,9244 9269,0,1
DA,9247 9253,0,1
DA,9253 9285,0,1
DA,9279 9295,0,1
DA,9329 9397,0,1
DA,9330 9396,0,1
DA,9413 18920,0,1
DA,9418 9419,0,1
DA,9419 18880,0,1
DA,9419 9420,0,1
DA,9420 9422,0,1
DA,9429 11352,0,1
DA,9457 11341,0,1
DA,95 3410,0,1
DA,95 3555,0,1
DA,957 990,0,1
DA,958 987,0,1
DA,963 996,0,1
DA,965 980,0,1
DA,966 959,0,1
DA,968 2696,0,1
DA,969 955,0,1
DA,972 997,0,1
DA,974 9500,0,1
DA,978 999,0,1
DA,984 998,0,1
DA,99 103,0,1
DA,99 107,0,1
DA,993 954,0,1
DA,994 953,0,1
//EOF
